"gene_id","baseMean","log2FoldChange","lfcSE","stat","pvalue","padj","gene_symbol","top_celltype","likely_microglia_specific"
"ENSG00000169071",35.6162734877126,3.24536561798028,0.590896836721659,5.49227109758417,3.96797668494498e-08,0.000574563023980034,"ROR2","Ependymal",FALSE
"ENSG00000012171",23.1565994668843,-3.87699823033854,0.795803572137952,-4.87180300023391,1.10584405143423e-06,0.00132392583030414,"SEMA3B","Oligodendrocytes",FALSE
"ENSG00000087495",45.9691282835668,-3.79668451196889,0.774678520753513,-4.90098074266463,9.53594044885815e-07,0.00132392583030414,"PHACTR3","Oligodendrocytes",FALSE
"ENSG00000104833",41.2930614247389,-3.66938923916931,0.717499901282986,-5.11413204741624,3.15186822920014e-07,0.00132392583030414,"TUBB4A","Oligodendrocytes",FALSE
"ENSG00000108381",14.6112171734091,-4.2366184568313,0.877790632883211,-4.82645667215155,1.38983613299937e-06,0.00132392583030414,"ASPA","Oligodendrocytes",FALSE
"ENSG00000109654",110.591666709672,-3.03327039025281,0.635124202805197,-4.77586962810668,1.78932294127637e-06,0.00132392583030414,"TRIM2","Oligodendrocytes",FALSE
"ENSG00000123119",33.8965524253273,-3.69842468654944,0.763046265622997,-4.84692063007454,1.25392563799298e-06,0.00132392583030414,"NECAB1","Oligodendrocytes",FALSE
"ENSG00000132702",46.7904828585865,-3.45811361139877,0.708350867357362,-4.8819218988182,1.05056867411996e-06,0.00132392583030414,"HAPLN2","Oligodendrocytes",FALSE
"ENSG00000133048",59.4952406599629,3.20525558224127,0.671750669926773,4.7714959221264,1.82862683743665e-06,0.00132392583030414,"CHI3L1","Astrocytes",FALSE
"ENSG00000136541",34.0270259449968,-2.46149581640923,0.502069819254398,-4.90269624265544,9.45301007422099e-07,0.00132392583030414,"ERMN","Oligodendrocytes",FALSE
"ENSG00000140600",69.1688680188543,-3.85373660166775,0.780091543574872,-4.9401081621876,7.80792472082897e-07,0.00132392583030414,"SH3GL3","Oligodendrocytes",FALSE
"ENSG00000148541",40.1115633316548,-4.12041609560318,0.83166826293277,-4.95439862172096,7.25543317702984e-07,0.00132392583030414,"FAM13C","Oligodendrocytes",FALSE
"ENSG00000152377",119.294332209153,-3.65523582487851,0.72641917554433,-5.03185481322064,4.85757085426659e-07,0.00132392583030414,"SPOCK1","Oligodendrocytes",FALSE
"ENSG00000154027",42.1305947106001,-3.98797625218746,0.799716354138737,-4.98673839986973,6.14071216717961e-07,0.00132392583030414,"AK5","Oligodendrocytes",FALSE
"ENSG00000164181",13.8949202894566,-3.37811732261027,0.702238483914497,-4.81049871231719,1.50554173543594e-06,0.00132392583030414,"ELOVL7","Oligodendrocytes",FALSE
"ENSG00000172508",42.5412887710321,-4.12846926512623,0.795524535532633,-5.18961902584446,2.10724771010977e-07,0.00132392583030414,"CARNS1","Oligodendrocytes",FALSE
"ENSG00000179178",5.63619468527465,-4.00839046584501,0.839950743174945,-4.7721732475569,1.82248629217941e-06,0.00132392583030414,"TMEM125","Oligodendrocytes",FALSE
"ENSG00000204655",42.3334686331432,-3.90428647875073,0.815675853460014,-4.78656621032626,1.69658985806086e-06,0.00132392583030414,"MOG","Oligodendrocytes",FALSE
"ENSG00000243927",64.7321349619894,1.44569514410814,0.300935711629722,4.80399995161411,1.55526866059444e-06,0.00132392583030414,"MRPS6","Astrocytes",FALSE
"ENSG00000285218",83.8334460860185,-3.93551911190677,0.775973845590263,-5.07171618511591,3.94244060998985e-07,0.00132392583030414,NA,"Oligodendrocytes",FALSE
"ENSG00000077522",12.8560436793187,-4.32152251634103,0.912112961502057,-4.73792468558324,2.15918023619066e-06,0.0014888061819067,"ACTN2","Oligodendrocytes",FALSE
"ENSG00000123560",411.969041097748,-2.81825685498146,0.60373085637677,-4.66806827117459,3.04044877105711e-06,0.00176102792819628,"PLP1","Oligodendrocytes",FALSE
"ENSG00000168314",131.561225469011,-4.21513221725875,0.898201710234286,-4.69285703782425,2.69415769608136e-06,0.00176102792819628,"MOBP","Oligodendrocytes",FALSE
"ENSG00000213853",11.4060563336812,2.04149362595849,0.43664653158144,4.6753918290949,2.93392893968224e-06,0.00176102792819628,"EMP2","Endothelial cells",FALSE
"ENSG00000224924",17.9078476928468,-4.67264323951936,0.999970121581407,-4.67278285488149,2.9714587665504e-06,0.00176102792819628,"LINC00320","Oligodendrocytes",FALSE
"ENSG00000124251",17.9681599746848,-3.65366706656389,0.786861186449326,-4.64334386990276,3.42815073441649e-06,0.00187995792307025,"TP53TG5","Oligodendrocytes",FALSE
"ENSG00000163531",44.4796963222073,-3.34913405927522,0.721992644483825,-4.6387370908323,3.50544640351497e-06,0.00187995792307025,"NFASC","Oligodendrocytes",FALSE
"ENSG00000109846",85.7834874034885,-2.15012037705291,0.464515277152004,-4.62873985595381,3.67897577567042e-06,0.00190255604398956,"CRYAB","Oligodendrocytes",FALSE
"ENSG00000181449",9.08211164565332,-3.60976831427745,0.781179144782251,-4.62092253535986,3.82037414022957e-06,0.00190755232932842,"SOX2","Oligodendrocytes",FALSE
"ENSG00000184985",22.6833548519692,-3.05180999904772,0.665507384161896,-4.585689162399,4.52491379842591e-06,0.00218402506004024,"SORCS2","Oligodendrocytes",FALSE
"ENSG00000254469",35.7375462980979,-0.918885868752214,0.201660758243538,-4.55659235220424,5.19901856955678e-06,0.00242844480281233,"XNDC1N","Oligodendrocytes",FALSE
"ENSG00000140937",14.439916905004,-4.15781692500591,0.917013165748717,-4.53408640170522,5.78533451478657e-06,0.00261786386794092,"CDH11","Oligodendrocytes",FALSE
"ENSG00000086205",24.3689739460653,-4.01593786764001,0.891803801626692,-4.50316298306282,6.69494999878126e-06,0.00273925095522194,"FOLH1","Oligodendrocytes",FALSE
"ENSG00000100399",13.6975182719102,-3.64205546666505,0.80649950202333,-4.51588061434376,6.30541823954266e-06,0.00273925095522194,"CHADL","Oligodendrocytes",FALSE
"ENSG00000113319",47.2386079754616,-3.33813824573912,0.740189092003814,-4.50984522982124,6.4874938947777e-06,0.00273925095522194,"RASGRF2","Oligodendrocytes",FALSE
"ENSG00000137285",11.0049439845408,-2.09582944433746,0.465788220380413,-4.49953294788302,6.81029243010979e-06,0.00273925095522194,"TUBB2B","Oligodendrocytes",FALSE
"ENSG00000102934",26.1513023291459,-3.85307813946918,0.862460413969813,-4.46754201938832,7.91234730660634e-06,0.00286149787530945,"PLLP","Oligodendrocytes",FALSE
"ENSG00000107331",75.6905752927825,-3.23949933255857,0.726785476024141,-4.45729784018271,8.29992477645007e-06,0.00286149787530945,"ABCA2","Oligodendrocytes",FALSE
"ENSG00000118322",36.2397058973563,-3.7822235939278,0.843975642621838,-4.48143690756074,7.41421523311066e-06,0.00286149787530945,"ATP10B","Oligodendrocytes",FALSE
"ENSG00000172005",20.5015084289524,-2.89692714855341,0.649708932186511,-4.45880763683544,8.2416844002706e-06,0.00286149787530945,"MAL","Oligodendrocytes",FALSE
"ENSG00000173786",90.8267768949209,-2.86268716652883,0.639481411127279,-4.47657604539666,7.58496587971334e-06,0.00286149787530945,"CNP","Oligodendrocytes",FALSE
"ENSG00000186231",76.1916014225942,-3.35598764931931,0.751339071859772,-4.46667526688358,7.94445797036379e-06,0.00286149787530945,"KLHL32","Oligodendrocytes",FALSE
"ENSG00000188153",40.2230712869285,-3.57749770126392,0.804058592566734,-4.44929975792405,8.61507079972016e-06,0.00290107500418483,"COL4A5","Oligodendrocytes",FALSE
"ENSG00000149294",126.981628383262,-3.07622403348275,0.694749935503443,-4.42781478094503,9.5192589607611e-06,0.00313270158526865,"NCAM1","Oligodendrocytes",FALSE
"ENSG00000130787",26.8923938388104,-3.3409406219283,0.755833530996004,-4.4202069436186,9.86064259828592e-06,0.00316266985216132,"HIP1R","Oligodendrocytes",FALSE
"ENSG00000163491",78.5724528687181,1.22599676235943,0.277616267054805,4.41615606810751,1.00471556076948e-05,0.00316266985216132,"NEK10","Excitatory",FALSE
"ENSG00000046653",165.993410642175,-2.82100308207993,0.639804682847041,-4.40916291754362,1.03770940581483e-05,0.00317761651771653,"GPM6B","Oligodendrocytes",FALSE
"ENSG00000150510",24.4574252849668,-4.04242864032623,0.917499121373579,-4.40592099344395,1.05335354178449e-05,0.00317761651771653,"FAM124A","Oligodendrocytes",FALSE
"ENSG00000136960",77.7232254837911,-3.23773185857133,0.736932790341065,-4.39352394276398,1.11527899915394e-05,0.00329576324647939,"ENPP2","Oligodendrocytes",FALSE
"ENSG00000105695",46.4989898639294,-3.52204108994142,0.804359259797279,-4.37869154490629,1.19393976856785e-05,0.00343032751474178,"MAG","Oligodendrocytes",FALSE
"ENSG00000198822",58.6417963675831,-4.52926018422592,1.03499836530953,-4.37610370802025,1.20819546444634e-05,0.00343032751474178,"GRM3","Oligodendrocytes",FALSE
"ENSG00000183783",44.5965810844158,-3.60918671439365,0.827286470214327,-4.36268069687954,1.28478391596758e-05,0.00344625468253531,"KCTD8","Oligodendrocytes",FALSE
"ENSG00000250072",9.66445032350149,-4.92743074796098,1.12946881232187,-4.36260894874251,1.28520547553112e-05,0.00344625468253531,"SH3TC2-DT","Oligodendrocytes",FALSE
"ENSG00000257139",6.37604665780134,-5.92774535043314,1.35670425699978,-4.36922440528178,1.24688587063038e-05,0.00344625468253531,NA,"Oligodendrocytes",FALSE
"ENSG00000207955",31.6414883181507,-3.74747829353908,0.860598756263866,-4.35450117289046,1.33370266655946e-05,0.00351127538396018,"MIR219A2HG","Oligodendrocytes",FALSE
"ENSG00000133055",6.38291472576006,3.81903355176089,0.8823730794283,4.32813924268325,1.50374393854794e-05,0.00376447394759684,"MYBPH","Microglia",TRUE
"ENSG00000198108",275.993175492423,0.793914338265646,0.183177888257517,4.33411666559633,1.46346553647543e-05,0.00376447394759684,"CHSY3","Excitatory",FALSE
"ENSG00000226994",27.705009922042,-4.07440068714672,0.941505976961403,-4.32753565760289,1.50786939889929e-05,0.00376447394759684,NA,"Oligodendrocytes",FALSE
"ENSG00000132718",46.6759426604141,-1.76360347625988,0.408128548002585,-4.32119606651165,1.55185700734455e-05,0.0038086253332795,"SYT11","Oligodendrocytes",FALSE
"ENSG00000102452",47.478014019329,-3.30713250597493,0.768200991757491,-4.30503545486041,1.66958993985071e-05,0.0040292770548397,"NALCN","Oligodendrocytes",FALSE
"ENSG00000228651",1213.24973015049,1.24282733850556,0.289279126790137,4.2962911022861,1.73679480256065e-05,0.00412275225263576,NA,"Microglia",TRUE
"ENSG00000164418",24.8967988723378,-1.86665054194471,0.434884812590325,-4.29228726297958,1.76841954166255e-05,0.00413011531665705,"GRIK2","Excitatory",FALSE
"ENSG00000164741",94.1229840820773,-3.14269208138478,0.733065034061552,-4.28705767614187,1.810552962496e-05,0.00416139792014954,"DLC1","Oligodendrocytes",FALSE
"ENSG00000198597",85.6740841729475,-3.89025237190276,0.911298935671929,-4.26890915771162,1.96431241785986e-05,0.00444425684540793,"ZNF536","Oligodendrocytes",FALSE
"ENSG00000015592",12.1697341052564,-3.2065039249046,0.754361165517103,-4.25062168027512,2.13177983955713e-05,0.00450498518567762,"STMN4","Oligodendrocytes",FALSE
"ENSG00000084636",15.9659161835998,-3.95650709036922,0.931149212733821,-4.24905808463614,2.14671255394859e-05,0.00450498518567762,"COL16A1","Oligodendrocytes",FALSE
"ENSG00000099250",128.848094523772,0.946785796258376,0.222544951836278,4.25435755089563,2.09650073072624e-05,0.00450498518567762,"NRP1","Excitatory",FALSE
"ENSG00000150471",85.6866775534287,-3.11348936433227,0.730532809998373,-4.26194323063903,2.02656931141645e-05,0.00450498518567762,"ADGRL3","Oligodendrocytes",FALSE
"ENSG00000152894",122.868426994483,-3.91560806431491,0.919687127129406,-4.2575436241416,2.06685337762614e-05,0.00450498518567762,"PTPRK","Oligodendrocytes",FALSE
"ENSG00000101445",29.5249225804698,-2.84119399596851,0.671523103702331,-4.23096983603997,2.32685877070776e-05,0.00450855042232983,"PPP1R16B","Oligodendrocytes",FALSE
"ENSG00000120278",42.5180298755189,-1.43522065193541,0.338228075949891,-4.243351613862,2.20205998043874e-05,0.00450855042232983,"PLEKHG1","Oligodendrocytes",FALSE
"ENSG00000124920",33.1807876118555,-3.70500974101204,0.875721915389881,-4.2308062364324,2.32855192644872e-05,0.00450855042232983,"MYRF","Oligodendrocytes",FALSE
"ENSG00000144278",32.7256185804449,-3.5589810788341,0.841124433532616,-4.23121827990043,2.32428976916287e-05,0.00450855042232983,"GALNT13","Oligodendrocytes",FALSE
"ENSG00000169306",471.539570371341,-4.07732301245744,0.963869214779722,-4.23016209039237,2.33522984582001e-05,0.00450855042232983,"IL1RAPL1","Oligodendrocytes",FALSE
"ENSG00000253877",37.096526425553,-4.80479634478427,1.13392059680416,-4.23733051355279,2.26193046343378e-05,0.00450855042232983,"LINC01608","Oligodendrocytes",FALSE
"ENSG00000145284",78.1373499610682,-2.79930356600888,0.665443412563168,-4.20667409603841,2.59156452863541e-05,0.00481100697110778,"SCD5","Oligodendrocytes",FALSE
"ENSG00000183960",68.8869880510818,-4.39986013033037,1.04524545694718,-4.20940373487095,2.5604550408246e-05,0.00481100697110778,"KCNH8","Oligodendrocytes",FALSE
"ENSG00000245526",10.1390466467444,-3.88470273644228,0.922851472596089,-4.20945607369966,2.55986202411713e-05,0.00481100697110778,"MIR9-2HG","Astrocytes",FALSE
"ENSG00000135069",15.8349985231484,-2.2153224449083,0.528204595603746,-4.19406128486284,2.74003901238759e-05,0.00502224872143953,"PSAT1","Oligodendrocytes",FALSE
"ENSG00000175130",30.4340164354552,-2.53902492167218,0.605876235988859,-4.190665965844,2.78136879689929e-05,0.00503427752238771,"MARCKSL1","Oligodendrocytes",FALSE
"ENSG00000138411",40.1643338097137,-3.56861676632569,0.853267644468192,-4.18229472248402,2.88581539886671e-05,0.00508289428868666,"HECW2","Oligodendrocytes",FALSE
"ENSG00000139910",40.2759129827266,-3.23498786086393,0.7745352371484,-4.17668261649936,2.95791287235489e-05,0.00508289428868666,"NOVA1","Excitatory",FALSE
"ENSG00000151150",126.683686766229,-2.7767734069005,0.66342836671456,-4.18549092293366,2.84550440200909e-05,0.00508289428868666,"ANK3","Oligodendrocytes",FALSE
"ENSG00000151320",99.3607524371749,-3.01158715483313,0.72081610433927,-4.1780242376711,2.94052325662327e-05,0.00508289428868666,"AKAP6","Oligodendrocytes",FALSE
"ENSG00000156475",297.097440093153,-4.10448185513806,0.983179234916865,-4.17470356306409,2.98374319432573e-05,0.00508289428868666,"PPP2R2B","Oligodendrocytes",FALSE
"ENSG00000172260",54.1392408977287,-2.67461440604937,0.641184097384254,-4.1713673451363,3.02777301216203e-05,0.00509792479257048,"NEGR1","Excitatory",FALSE
"ENSG00000183230",387.779511391246,-2.74285067931056,0.659633999927521,-4.15814024081831,3.20849037253867e-05,0.0052794250675409,"CTNNA3","Oligodendrocytes",FALSE
"ENSG00000184226",905.243288309693,-3.93713320847697,0.946366967131602,-4.16026060208997,3.17884667389989e-05,0.0052794250675409,"PCDH9","Oligodendrocytes",FALSE
"ENSG00000081479",34.2014499804126,-3.22473957115841,0.776141204213131,-4.15483619946157,3.25520655978042e-05,0.00529611134669893,"LRP2","Oligodendrocytes",FALSE
"ENSG00000064042",104.98599679303,-3.08604142771251,0.745563115067976,-4.13920882798922,3.48505612277822e-05,0.00560706807309207,"LIMCH1","Oligodendrocytes",FALSE
"ENSG00000108387",22.3298186056908,-2.93474065543617,0.711308396984081,-4.12583440302315,3.69393003627975e-05,0.00581392466579683,"SEPTIN4","Oligodendrocytes",FALSE
"ENSG00000251322",5.08337143018436,-4.02354704015773,0.974773707253647,-4.12767292574373,3.66452838476739e-05,0.00581392466579683,"SHANK3","Oligodendrocytes",FALSE
"ENSG00000112379",35.2307412965788,-3.09958821533176,0.75521832623446,-4.10422801944756,4.05667205445419e-05,0.00618546224113957,"ARFGEF3","Oligodendrocytes",FALSE
"ENSG00000178568",140.560641518232,-3.7226496717907,0.907046493460882,-4.1041442733401,4.05814166373107e-05,0.00618546224113957,"ERBB4","Oligodendrocytes",FALSE
"ENSG00000257585",78.4443488449154,-4.30290278329303,1.0478458672668,-4.10642721196842,4.01826004534149e-05,0.00618546224113957,"LINC00609","Oligodendrocytes",FALSE
"ENSG00000157423",17.0381546429906,-3.08264479451903,0.75236318259489,-4.09728288921187,4.18027927717335e-05,0.00630525457640313,"HYDIN","Oligodendrocytes",FALSE
"ENSG00000122367",29.1974898382517,-3.78387384530587,0.924244308452346,-4.09401909289763,4.23959376705407e-05,0.00632879564401473,"LDB3","Oligodendrocytes",FALSE
"ENSG00000090097",10.2032173588963,-2.92673573392109,0.715543662907356,-4.09022661458469,4.30951913751989e-05,0.00636753439911102,"PCBP4","Oligodendrocytes",FALSE
"ENSG00000106772",99.2973371627148,-2.96877568734322,0.727832050954841,-4.0789295874625,4.52435364167686e-05,0.00649579060480915,"PRUNE2","Oligodendrocytes",FALSE
"ENSG00000163596",13.5295464696677,-2.04393661398572,0.500567976022438,-4.08323486897233,4.44130947014611e-05,0.00649579060480915,"ICA1L","Excitatory",FALSE
"ENSG00000285492",16.2778529069261,1.58525786394423,0.38867761082666,4.07859320883604,4.53090366771909e-05,0.00649579060480915,"LOC112267968","Microglia",TRUE
"ENSG00000150656",45.9306837920634,-2.95657177337286,0.725858670078105,-4.07320583916801,4.6370407823044e-05,0.00658277946350664,"CNDP1","Oligodendrocytes",FALSE
"ENSG00000179314",5.9852237451426,-2.95048557592583,0.726930347353712,-4.05882845126312,4.93195273972152e-05,0.00693346365739491,"WSCD1","Oligodendrocytes",FALSE
"ENSG00000188580",178.011600727287,-3.94152466196701,0.972351621763471,-4.05360013162585,5.04353972870216e-05,0.00702215916073147,"NKAIN2","Oligodendrocytes",FALSE
"ENSG00000155886",203.850519223594,-3.95401452029554,0.978118815665804,-4.04246851912776,5.2891415558082e-05,0.00722516695548139,"SLC24A2","Oligodendrocytes",FALSE
"ENSG00000183580",62.2985487768144,-3.96294618548518,0.979809892738347,-4.04460723948157,5.24109139741272e-05,0.00722516695548139,"FBXL7","Oligodendrocytes",FALSE
"ENSG00000142949",9.71729744455286,-3.10711479239464,0.769864141274572,-4.03592611450971,5.43873312681523e-05,0.00736007996974622,"PTPRF","Oligodendrocytes",FALSE
"ENSG00000168280",32.617019455397,-3.31749190019932,0.822498067293544,-4.03343428041799,5.49675586315753e-05,0.00736972452764084,"KIF5C","Oligodendrocytes",FALSE
"ENSG00000066032",45.3436596941846,-2.45739448973094,0.609749861117638,-4.03016818278018,5.57369588619354e-05,0.00740432260844793,"CTNNA2","Excitatory",FALSE
"ENSG00000167614",21.2602733818568,-2.19622974218581,0.546240745530777,-4.02062599715397,5.80436943157565e-05,0.00764066085174685,"TTYH1","Oligodendrocytes",FALSE
"ENSG00000088387",52.0192946491377,-3.05890904514421,0.761482582775369,-4.01704400643733,5.89327222270865e-05,0.00767244983187824,"DOCK9","Oligodendrocytes",FALSE
"ENSG00000157103",16.3073417855371,-3.15578992143967,0.785921571451752,-4.01540056421954,5.93449158266825e-05,0.00767244983187824,"SLC6A1","Oligodendrocytes",FALSE
"ENSG00000151692",29.4914847219246,-3.22486773688005,0.805944535849349,-4.00135194598906,6.29815979778467e-05,0.00807056228955062,"RNF144A","Oligodendrocytes",FALSE
"ENSG00000137941",116.947686510765,-3.59833542850822,0.901393797352714,-3.99196825968417,6.55271449679178e-05,0.00825072225335174,"TTLL7","Oligodendrocytes",FALSE
"ENSG00000171368",22.4069789469971,-2.6937707816902,0.674500699121549,-3.99372570732468,6.50431037017573e-05,0.00825072225335174,"TPPP","Oligodendrocytes",FALSE
"ENSG00000167641",37.6693166702944,-3.28979023044039,0.825432893546151,-3.98553323493941,6.73287520254908e-05,0.00833265238742826,"PPP1R14A","Oligodendrocytes",FALSE
"ENSG00000172379",19.018216442842,-3.01581648328786,0.756395375803514,-3.98709005866698,6.68886405228285e-05,0.00833265238742826,"ARNT2","Oligodendrocytes",FALSE
"ENSG00000165566",34.0665218623764,-3.3094294379806,0.832860263501371,-3.97357105748767,7.08030225492675e-05,0.00868837090265587,"AMER2","Oligodendrocytes",FALSE
"ENSG00000247121",15.5534672846702,-1.21984173926631,0.307314162293179,-3.96936389186833,7.20647566452053e-05,0.0087688880354838,NA,"Oligodendrocytes",FALSE
"ENSG00000105290",75.8731556345991,-3.03931892875309,0.767390980747975,-3.96058724301225,7.47656705638975e-05,0.00898231720676142,"APLP1","Oligodendrocytes",FALSE
"ENSG00000134376",12.5709598377848,-3.20480880064227,0.809366511767807,-3.95965085538611,7.5059418647661e-05,0.00898231720676142,"CRB1","Oligodendrocytes",FALSE
"ENSG00000071991",16.2392947456046,-4.18698169330636,1.0581261553778,-3.95697778759794,7.59039857875802e-05,0.00898358187663731,"CDH19","Oligodendrocytes",FALSE
"ENSG00000141542",28.721620177785,-2.46953545419032,0.624297932656932,-3.95570019538635,7.6310812902375e-05,0.00898358187663731,"RAB40B","Oligodendrocytes",FALSE
"ENSG00000100505",28.6476973848481,-2.84751254257995,0.721314943599159,-3.94766886205305,7.89158540174259e-05,0.00913518367443232,"TRIM9","Excitatory",FALSE
"ENSG00000136237",76.0361643375112,-3.07547742082145,0.779779542135771,-3.94403450544226,8.01221220064161e-05,0.00913518367443232,"RAPGEF5","Oligodendrocytes",FALSE
"ENSG00000145703",102.611264097011,1.35811506182674,0.343958064808286,3.94849023988934,7.86456218458264e-05,0.00913518367443232,"IQGAP2","Microglia",TRUE
"ENSG00000227051",7.3021895570857,-3.71224924334644,0.940908542943198,-3.94538796696902,7.96708761384055e-05,0.00913518367443232,"C14orf132","Oligodendrocytes",FALSE
"ENSG00000175785",10.4503924892727,-3.74678670383954,0.951076281613147,-3.93952280829096,8.16438403075171e-05,0.00923595943478787,"PRIMA1","Oligodendrocytes",FALSE
"ENSG00000174607",50.8319235176666,-2.94639897219891,0.749294593522725,-3.93223039064882,8.4161346641622e-05,0.0094469480571371,"UGT8","Oligodendrocytes",FALSE
"ENSG00000115266",12.1802628200533,-2.35075961260117,0.599043035458733,-3.9241915412655,8.70214794141022e-05,0.00961886276271909,"APC2","Oligodendrocytes",FALSE
"ENSG00000227110",129.987410920463,-2.2148480607039,0.564287529792505,-3.92503456795923,8.67172843477467e-05,0.00961886276271909,"LMCD1-AS1","Oligodendrocytes",FALSE
"ENSG00000196104",118.075224351694,-3.55134898433851,0.907102222521875,-3.91504826706878,9.03861242461299e-05,0.00991508393245425,"SPOCK3","Oligodendrocytes",FALSE
"ENSG00000064787",59.4457311997133,-2.95445463511265,0.755967572897278,-3.9081764099875,9.29953953400049e-05,0.00994872075319848,"BCAS1","Oligodendrocytes",FALSE
"ENSG00000110436",28.2835222347065,-2.80807397650913,0.718408179653802,-3.90874443810248,9.27770443987224e-05,0.00994872075319848,"SLC1A2","Astrocytes",FALSE
"ENSG00000165478",26.0380052118847,-3.12672327981729,0.800012776755408,-3.9083416798645,9.29318153169948e-05,0.00994872075319848,"HEPACAM","Oligodendrocytes",FALSE
"ENSG00000250241",8.93240845481169,-3.72115948466401,0.952428834112971,-3.90702103021655,9.34410236488255e-05,0.00994872075319848,"PCDH10-DT","Oligodendrocytes",FALSE
"ENSG00000158296",22.7690948575904,-2.45417049996092,0.628596139102987,-3.90420867596012,9.45341883440733e-05,0.00999164268045388,"SLC13A3","Oligodendrocytes",FALSE
"ENSG00000092421",35.2235682555428,-2.5638458871926,0.65955402924078,-3.88724164136162,0.00010138981024886,0.010033235946374,"SEMA6A","Oligodendrocytes",FALSE
"ENSG00000116141",8.34560479898873,-2.53638289397445,0.651000458146306,-3.89613073575506,9.77416427817201e-05,0.010033235946374,"MARK1","Excitatory",FALSE
"ENSG00000136235",108.544371165537,1.39535951699304,0.359198665391346,3.88464560544178,0.000102479262010916,0.010033235946374,"GPNMB","Microglia",TRUE
"ENSG00000151773",11.0951929816455,-2.37730343395197,0.610569418469453,-3.8935841888565,9.87739008617133e-05,0.010033235946374,"CCDC122","Oligodendrocytes",FALSE
"ENSG00000152767",162.575797580476,0.939563810630006,0.241239508455244,3.89473439341018,9.83063905091114e-05,0.010033235946374,"FARP1","Excitatory",FALSE
"ENSG00000166091",7.49424436232867,-3.53640292970045,0.907332107469696,-3.89758380706104,9.71572042480682e-05,0.010033235946374,"CMTM5","Oligodendrocytes",FALSE
"ENSG00000167191",42.8107376987596,-3.00683624346113,0.773886441500694,-3.8853713958735,0.000102173569410816,0.010033235946374,"GPRC5B","Oligodendrocytes",FALSE
"ENSG00000176049",21.6718379861289,-2.86987807462486,0.737524762311301,-3.89122944920664,9.97375595956439e-05,0.010033235946374,"JAKMIP2","Oligodendrocytes",FALSE
"ENSG00000179292",12.6690286619077,-3.31596563580222,0.853644935427971,-3.88447877821682,0.000102549649175646,0.010033235946374,"TMEM151A","Oligodendrocytes",FALSE
"ENSG00000182168",155.510753188668,-3.50131624622505,0.900012389839992,-3.8902978289527,0.000100121262615975,0.010033235946374,"UNC5C","Oligodendrocytes",FALSE
"ENSG00000271860",30.2297669282456,-2.68984893305887,0.691646098625465,-3.88905386498169,0.000100635782422303,0.010033235946374,"MIR2113HG","Oligodendrocytes",FALSE
"ENSG00000164161",35.2788930133921,-4.29851235387364,1.10788559132508,-3.87992441415583,0.00010448893035551,0.0101543604801865,"HHIP","Oligodendrocytes",FALSE
"ENSG00000164929",12.2528538716502,-2.35909776480111,0.608403350097463,-3.87752264089801,0.000105525510033878,0.0101867292352704,"BAALC","Astrocytes",FALSE
"ENSG00000247708",32.6756285008861,-1.13859669124697,0.293924464195935,-3.87377312862246,0.000107163180275954,0.0102763102675219,"STX18-AS1","Oligodendrocytes",FALSE
"ENSG00000196358",10.9350161102383,-1.99054302614412,0.514147865913033,-3.87153804987458,0.000108150770564269,0.0103027839327014,"NTNG2","Oligodendrocytes",FALSE
"ENSG00000260664",13.7100489385739,-2.88210276839229,0.745461361064711,-3.86620007276555,0.000110544262512407,0.0104619668050958,NA,"Oligodendrocytes",FALSE
"ENSG00000144847",44.2855985928463,-2.78224853546734,0.720651211354786,-3.86074218932743,0.000113043130157298,0.0105604162882431,"IGSF11","Oligodendrocytes",FALSE
"ENSG00000187957",28.0135097696861,-2.83434488845917,0.733925594157657,-3.86189677948514,0.000112510103553199,0.0105604162882431,"DNER","Oligodendrocytes",FALSE
"ENSG00000021645",177.220490943693,-3.54227165481943,0.919626233171572,-3.85186016562727,0.000117223959192938,0.0107986851736643,"NRXN3","Oligodendrocytes",FALSE
"ENSG00000187391",290.872588997328,-3.45807152460766,0.898061480755517,-3.85059553127528,0.000117830957005453,0.0107986851736643,"MAGI2","Oligodendrocytes",FALSE
"ENSG00000234248",6.33482571194856,-3.09806670293373,0.80445028495315,-3.85115992980742,0.000117559692309688,0.0107986851736643,NA,"Oligodendrocytes",FALSE
"ENSG00000157851",29.4551113318,-3.28681150124718,0.855116721355774,-3.84369925082975,0.000121193514856623,0.0110228921108841,"DPYSL5","Oligodendrocytes",FALSE
"ENSG00000259070",32.1532012762688,-3.35811761163522,0.87394654960521,-3.84247482085968,0.000121799912827449,0.0110228921108841,"LINC00639","Oligodendrocytes",FALSE
"ENSG00000138764",41.8607450066053,1.18942714474938,0.309736890486169,3.84012102298318,0.000122973672955865,0.01102812548414,"CCNG2","Oligodendrocytes",FALSE
"ENSG00000232160",38.7886756843448,-1.24155964464271,0.323380997814305,-3.83930921431458,0.000123380961908196,0.01102812548414,"RAP2C-AS1","Oligodendrocytes",FALSE
"ENSG00000011426",41.9895855104596,-2.64300632162252,0.689228083837011,-3.8347339343873,0.000125700287609902,0.0111665040772478,"ANLN","Oligodendrocytes",FALSE
"ENSG00000110172",69.4904437218272,1.2928799490095,0.337971535131656,3.82541076574943,0.000130554218564701,0.0113815797252904,"CHORDC1","Oligodendrocytes",FALSE
"ENSG00000110693",25.608925543102,-2.61780370468351,0.684185596610924,-3.82616020806438,0.000130157599494391,0.0113815797252904,"SOX6","OPCs",FALSE
"ENSG00000130294",20.7178732705638,-2.06604550228776,0.539762658076668,-3.82769254481161,0.000129350189448152,0.0113815797252904,"KIF1A","Oligodendrocytes",FALSE
"ENSG00000148826",25.0057661065861,-2.72605969700957,0.712868263473524,-3.82407218372517,0.000131265456776485,0.0113815797252904,"NKX6-2","Oligodendrocytes",FALSE
"ENSG00000277363",31.9995371884854,-2.93121008267872,0.767059699987092,-3.82135847148279,0.000132718571581913,0.0114390768839649,"SRCIN1","Oligodendrocytes",FALSE
"ENSG00000166165",65.327598120131,-1.84359438527323,0.482968471254757,-3.81721477694715,0.000134966673521063,0.0115640084768343,"CKB","Oligodendrocytes",FALSE
"ENSG00000100142",56.8949649304595,-2.45452727523621,0.643714878312898,-3.81306593638047,0.000137253476107363,0.0116907666707919,"POLR2F","Oligodendrocytes",FALSE
"ENSG00000187147",257.59445310582,-3.24713745704645,0.852486448792135,-3.80901944147878,0.000139518988634786,0.0118142395054486,"RNF220","Oligodendrocytes",FALSE
"ENSG00000231672",226.635385018913,2.09770873731317,0.550960464386317,3.80736708513139,0.000140454183701022,0.011824282441807,"DIRC3","Excitatory",FALSE
"ENSG00000128283",9.1072240649571,-2.74183628007824,0.720531166790934,-3.8052986552819,0.000141633189056642,0.0118465333752504,"CDC42EP1","Oligodendrocytes",FALSE
"ENSG00000242759",27.9730550831701,-2.99150243553024,0.786401261002707,-3.80404074087559,0.000142354751884915,0.0118465333752504,NA,"Oligodendrocytes",FALSE
"ENSG00000170558",17.4554584796896,-3.03912810162519,0.799460790052651,-3.80147236667484,0.000143838782856007,0.011901631861457,"CDH2","Oligodendrocytes",FALSE
"ENSG00000151952",11.9184795223686,-2.0415962372423,0.537273507710715,-3.79991979493164,0.000144742926233791,0.0119083952946891,"TMEM132D","OPCs",FALSE
"ENSG00000106078",53.88081857411,-3.69114344790377,0.97197197433971,-3.79758217865414,0.000146114342778317,0.0119533089459323,"COBL","Oligodendrocytes",FALSE
"ENSG00000004478",32.7765220192596,1.78566608586725,0.471072763990801,3.79063750308884,0.000150261119596519,0.0120415933975435,"FKBP4","Oligodendrocytes",FALSE
"ENSG00000114757",155.566263228038,-3.73486687025933,0.985398375495643,-3.79021009485706,0.000150519917469294,0.0120415933975435,"PEX5L","Oligodendrocytes",FALSE
"ENSG00000120251",30.2247565559545,-3.11366891848744,0.820611941956205,-3.79432562371072,0.00014804528235638,0.0120415933975435,"GRIA2","Excitatory",FALSE
"ENSG00000139737",108.794461989322,-2.30673678158552,0.608593015651155,-3.79027810418998,0.000150478709415958,0.0120415933975435,"SLAIN1","Oligodendrocytes",FALSE
"ENSG00000198780",10.2366987036984,-2.6994744807849,0.712881723705513,-3.78670737517747,0.000152656698866386,0.0121454340636553,"FAM169A","Oligodendrocytes",FALSE
"ENSG00000066468",51.6212064836746,-2.96133448038223,0.783978845602234,-3.77731426937599,0.000158528643710073,0.0124755150050101,"FGFR2","Oligodendrocytes",FALSE
"ENSG00000131409",11.0913434598032,-3.57492505545353,0.946211852626938,-3.77814444569531,0.000158001231265779,0.0124755150050101,"LRRC4B","Oligodendrocytes",FALSE
"ENSG00000152578",37.5891882311137,-2.89840710498743,0.768606629549505,-3.77098894747531,0.000162601875558326,0.0126605027429686,"GRIA4","Excitatory",FALSE
"ENSG00000154678",103.068483093176,-3.66230306365475,0.971188739166037,-3.77094885469901,0.000162628004847525,0.0126605027429686,"PDE1C","Oligodendrocytes",FALSE
"ENSG00000150394",11.5718371899157,-2.65773661757186,0.706507003796168,-3.76179797693645,0.000168696285932395,0.0130626856700592,"CDH8","Excitatory",FALSE
"ENSG00000163288",12.1968142518086,-1.88129272635177,0.500721314142428,-3.75716525982883,0.000171849014203982,0.013236030455711,"GABRB1","Excitatory",FALSE
"ENSG00000110042",4.74422810409415,-3.27372299437585,0.871643584839241,-3.75580461018322,0.000172785461225485,0.013237743272725,"DTX4","Oligodendrocytes",FALSE
"ENSG00000154493",76.2140385463813,-4.04317655587038,1.07889993343761,-3.74749912439789,0.00017860646009297,0.0136116923270853,"C10orf90","Oligodendrocytes",FALSE
"ENSG00000173175",11.1181168983184,-3.24812489616668,0.868073956948413,-3.74176056102983,0.00018273558030139,0.0138534617945766,"ADCY5","Oligodendrocytes",FALSE
"ENSG00000005513",11.8842890554976,-3.08615798580921,0.825079508185222,-3.74043707932739,0.000183700529909197,0.0138540816306519,"SOX8","Oligodendrocytes",FALSE
"ENSG00000076706",4.2715795280191,-4.01202598449141,1.07403099237813,-3.73548436959713,0.000187354217085511,0.0140265333170352,"MCAM","Oligodendrocytes",FALSE
"ENSG00000116675",85.6449872956744,-3.66152821641467,0.981080775524036,-3.73213736092107,0.000189861915064841,0.0140265333170352,"DNAJC6","Oligodendrocytes",FALSE
"ENSG00000141338",28.8269937381283,-3.40570854719476,0.911922291114723,-3.7346477659096,0.00018797809550295,0.0140265333170352,"ABCA8","Oligodendrocytes",FALSE
"ENSG00000181409",39.366339556914,-2.98495010265736,0.799590621803053,-3.73309793945105,0.000189139006389522,0.0140265333170352,"AATK","Oligodendrocytes",FALSE
"ENSG00000113594",32.7691123417724,-2.60857213705002,0.699676176385479,-3.72825633498897,0.00019280920859926,0.0141003906086731,"LIFR","Oligodendrocytes",FALSE
"ENSG00000172817",20.5986719746235,-3.73297568596077,1.00119511863244,-3.72851966264054,0.000192607882795705,0.0141003906086731,"CYP7B1","Oligodendrocytes",FALSE
"ENSG00000107104",26.686931179268,-2.30868799641536,0.61979511208688,-3.72492127058229,0.000195376187899208,0.0142163175918619,"KANK1","Oligodendrocytes",FALSE
"ENSG00000135525",141.47016040282,-3.52592719415755,0.947099640915684,-3.72286826204324,0.000196972308990899,0.0142199626385643,"MAP7","Oligodendrocytes",FALSE
"ENSG00000166086",56.7548068578469,-2.1204171932037,0.569647348642578,-3.72233312110814,0.000197390365355761,0.0142199626385643,"JAM3","Oligodendrocytes",FALSE
"ENSG00000127989",63.9293489696243,-0.690055845520313,0.185533949127093,-3.71929691987323,0.000199778096950836,0.0142973928595469,"MTERF1","Oligodendrocytes",FALSE
"ENSG00000144339",53.4832572588934,-4.1063565732837,1.10431606240842,-3.71846132920324,0.000200439968956355,0.0142973928595469,"TMEFF2","Oligodendrocytes",FALSE
"ENSG00000253320",28.603490479023,-1.21466898209668,0.326981270171166,-3.71479681836466,0.000203367033673244,0.0144350718019048,NA,"Oligodendrocytes",FALSE
"ENSG00000164303",6.77525311198346,-3.07718472158553,0.829400597366922,-3.71013082381975,0.000207152173069502,0.0145609876992543,"ENPP6","Oligodendrocytes",FALSE
"ENSG00000168702",153.46254488115,-2.59820236674046,0.700249208155342,-3.71039672231101,0.000206934705451821,0.0145609876992543,"LRP1B","Excitatory",FALSE
"ENSG00000012124",26.9700748247429,-2.74029227903823,0.740928368781759,-3.69845776528148,0.000216913433554309,0.0147104999182758,"CD22","Oligodendrocytes",FALSE
"ENSG00000065361",9.06279454879463,-4.19602470248406,1.13687083606913,-3.69085437796289,0.000223502070581538,0.0147104999182758,"ERBB3","Oligodendrocytes",FALSE
"ENSG00000103184",13.8224669238355,-4.03378535665068,1.09041998102166,-3.69929515861517,0.000216199053828867,0.0147104999182758,"SEC14L5","Oligodendrocytes",FALSE
"ENSG00000106278",27.3222808678804,-2.82233143687156,0.764194939885178,-3.69320874762089,0.000221442100737676,0.0147104999182758,"PTPRZ1","OPCs",FALSE
"ENSG00000109265",8.32557156458015,-1.66279625154026,0.449564416616018,-3.69868296974333,0.000216721094200371,0.0147104999182758,"CRACD","Excitatory",FALSE
"ENSG00000119280",12.755331945327,-2.21147117209959,0.59709994574474,-3.70368677448347,0.000212488601896781,0.0147104999182758,"C1orf198","Oligodendrocytes",FALSE
"ENSG00000149633",16.7854918534925,-2.73758361137668,0.740996554338036,-3.69446199897958,0.000220352843388937,0.0147104999182758,"KIAA1755","Oligodendrocytes",FALSE
"ENSG00000152910",70.1145890762914,-4.30524948889395,1.16560259332115,-3.69358262718599,0.000221116617203146,0.0147104999182758,"CNTNAP4","Oligodendrocytes",FALSE
"ENSG00000158528",31.0518481197109,-3.14253647788025,0.85057668734919,-3.69459511954638,0.000220237438290576,0.0147104999182758,"PPP1R9A","Oligodendrocytes",FALSE
"ENSG00000168952",19.1144627203807,-3.09418619746031,0.836408665859414,-3.69937128076144,0.000216134223726884,0.0147104999182758,"STXBP6","Oligodendrocytes",FALSE
"ENSG00000182667",182.65113109846,-3.61299748117089,0.978847293395697,-3.69107367977401,0.000223309434054349,0.0147104999182758,"NTM","Oligodendrocytes",FALSE
"ENSG00000203778",5.71980830931221,-2.53870863920638,0.686401798402153,-3.6985751568777,0.000216813153456405,0.0147104999182758,"FAM229B","Oligodendrocytes",FALSE
"ENSG00000241163",12.7650425759632,-4.01787305305366,1.08833495784871,-3.6917614600892,0.000222706292562913,0.0147104999182758,"LINC00877","Oligodendrocytes",FALSE
"ENSG00000255052",20.1477396891017,-2.35185868975647,0.636056549402448,-3.69756225600688,0.00021767984404037,0.0147104999182758,"FAM66D","Oligodendrocytes",FALSE
"ENSG00000232855",15.8649897144261,-2.44460293026818,0.662812556787166,-3.68822664150758,0.000225822461755309,0.0147959694398954,NA,"Oligodendrocytes",FALSE
"ENSG00000184144",57.3749655050452,-3.61586397527751,0.981143677158043,-3.68535624237129,0.000228382964882169,0.0148963303220442,"CNTN2","Oligodendrocytes",FALSE
"ENSG00000174473",29.7133994973143,1.8320272783197,0.497778219753005,3.68040867523039,0.000232860448099667,0.0151202658676376,"GALNTL6","Excitatory",FALSE
"ENSG00000091513",136.085233294024,-2.57649117498791,0.701355991066378,-3.67358546559284,0.000239170629777264,0.0154606728534589,"TF","Oligodendrocytes",FALSE
"ENSG00000158352",46.0564612046824,-4.0167537015053,1.09387459304964,-3.67204223137397,0.000240619906672691,0.0154852277716469,"SHROOM4","Oligodendrocytes",FALSE
"ENSG00000154654",173.497516181404,-3.40718305209357,0.928342068358703,-3.67018060284333,0.000242379157176774,0.0155294256456623,"NCAM2","Oligodendrocytes",FALSE
"ENSG00000167755",12.1897410091059,-3.07357078489546,0.839544454225949,-3.66099825854875,0.000251234466668834,0.0160258813980825,"KLK6","Oligodendrocytes",FALSE
"ENSG00000133121",313.109470397027,0.857151251316667,0.234265219023706,3.65889249325539,0.000253307566727875,0.0160872524834194,"STARD13","Oligodendrocytes",FALSE
"ENSG00000184221",15.0564595370334,-2.69183284553969,0.736888881260616,-3.65296982217278,0.0002592247067542,0.0163911517633223,"OLIG1","Oligodendrocytes",FALSE
"ENSG00000164176",162.781881719817,-3.54345487277958,0.970803198594313,-3.65002389558498,0.000262215914186475,0.0165082019018268,"EDIL3","Oligodendrocytes",FALSE
"ENSG00000076344",4.36001820851817,-3.13878417005224,0.860772542926672,-3.6464733870114,0.000265863998452132,0.0165892916750335,"RGS11","Oligodendrocytes",FALSE
"ENSG00000164627",28.3005725539123,-2.95473980122727,0.810451754693908,-3.64579357637793,0.000266567896663168,0.0165892916750335,"KIF6","Oligodendrocytes",FALSE
"ENSG00000164659",33.7044778797122,-2.22284607136397,0.609761715403717,-3.64543397069829,0.000266940950295775,0.0165892916750335,"ELAPOR2","Oligodendrocytes",FALSE
"ENSG00000117724",7.06752353584637,2.42154048670588,0.665100749155068,3.64086266596778,0.000271726057555596,0.0168145013393378,"CENPF","Microglia",TRUE
"ENSG00000173320",29.4922543070849,-3.0302045907843,0.832929338640214,-3.63800919262997,0.000274753620860865,0.0169294997024057,"STOX2","Oligodendrocytes",FALSE
"ENSG00000148053",42.2049312728088,-2.35771367893015,0.648822013986426,-3.63383736696005,0.000279236912377211,0.0170691113321205,"NTRK2","Astrocytes",FALSE
"ENSG00000277494",7.60455078316293,-3.66368126945263,1.0082486735704,-3.6337079983243,0.000279377029400038,0.0170691113321205,"GPIHBP1","Oligodendrocytes",FALSE
"ENSG00000182901",23.0905571852175,-2.64382590685873,0.728395156111229,-3.62965882553866,0.00028379607020889,0.0172662483051459,"RGS7","Excitatory",FALSE
"ENSG00000148120",170.175816782244,-0.823097389912001,0.226977496653725,-3.62633918360512,0.000287467708811255,0.0174164536551756,"AOPEP","Oligodendrocytes",FALSE
"ENSG00000072110",10.659502758626,2.6527768362798,0.732559549313089,3.62124395043007,0.000293189888630785,0.0176157244289368,"ACTN1","Excitatory",FALSE
"ENSG00000259417",2.17781033934865,-4.13218992010222,1.14105850285011,-3.62136552138294,0.000293052125191631,0.0176157244289368,"CTXND1","Astrocytes",FALSE
"ENSG00000171877",181.972336108794,-3.37579587020085,0.932866521155235,-3.61873407786181,0.000296047650783367,0.0177139255510047,"FRMD5","Oligodendrocytes",FALSE
"ENSG00000172348",28.5109924160316,-3.04289398650556,0.842279074841371,-3.61269094460009,0.000303035804889986,0.0180574422008518,"RCAN2","Oligodendrocytes",FALSE
"ENSG00000153707",228.741007605901,-3.38485333737345,0.939697180462312,-3.60206820638557,0.000315695502437588,0.0187137019041551,"PTPRD","Oligodendrocytes",FALSE
"ENSG00000164050",15.9710067889748,-2.52098617127236,0.700021759939956,-3.6012968675268,0.000316633768405939,0.0187137019041551,"PLXNB1","Oligodendrocytes",FALSE
"ENSG00000153956",48.3937102778001,-2.88628536866441,0.802155359000689,-3.59816254579424,0.000320473316354981,0.0188636326049599,"CACNA2D1","Oligodendrocytes",FALSE
"ENSG00000087258",51.1158044035933,-2.81523110118114,0.783461726598039,-3.59332307578761,0.000326487361546333,0.0189860923501643,"GNAO1","Oligodendrocytes",FALSE
"ENSG00000104998",9.48040746763626,1.72866328754179,0.480990329340727,3.59396682654971,0.000325681321238994,0.0189860923501643,"IL27RA","Endothelial cells",FALSE
"ENSG00000185565",153.555557708087,-2.49379338775857,0.693969042852235,-3.59352252588819,0.000326237430687255,0.0189860923501643,"LSAMP","Excitatory",FALSE
"ENSG00000157654",10.8801534617103,-3.56669717285615,0.993236868524997,-3.59098346616237,0.000329432536342181,0.0190047136503378,"PALM2AKAP2","Oligodendrocytes",FALSE
"ENSG00000169862",85.1749019704004,-2.52524866992211,0.703103652571536,-3.59157381800856,0.000328687046383266,0.0190047136503378,"CTNND2","Excitatory",FALSE
"ENSG00000068078",9.35314279673701,-2.4228859815054,0.675612835146314,-3.58620478395838,0.000335525509402662,0.0192031991152195,"FGFR3","Astrocytes",FALSE
"ENSG00000109956",12.5447537962448,-3.05554016977308,0.851934127659246,-3.58659205045396,0.000335027832900399,0.0192031991152195,"B3GAT1","Oligodendrocytes",FALSE
"ENSG00000172461",25.8205772550781,-3.13234917976614,0.874355431918494,-3.58246665534313,0.000340365073551002,0.0193273971177197,"FUT9","Oligodendrocytes",FALSE
"ENSG00000275832",24.6341140373587,-3.01473171138157,0.841391867024061,-3.58302929887407,0.000339632496286131,0.0193273971177197,"ARHGAP23","Oligodendrocytes",FALSE
"ENSG00000149403",11.2791232911169,-3.26907622652622,0.914747406675348,-3.57374746587989,0.000351908342903592,0.0199048156454844,"GRIK4","Oligodendrocytes",FALSE
"ENSG00000185189",19.6327136254059,-1.5099723600114,0.423242242851228,-3.56763150539813,0.000360222604991173,0.0202958105847167,"NRBP2","Oligodendrocytes",FALSE
"ENSG00000251504",13.0209673484738,-3.58003848358151,1.00483375744688,-3.56281669186533,0.000366896883565154,0.0205917320698582,"LINC01099","Oligodendrocytes",FALSE
"ENSG00000100842",5.47449120300444,-3.46878537833531,0.97433118175813,-3.56017075433844,0.000370613724215457,0.0207200259715823,"EFS","Oligodendrocytes",FALSE
"ENSG00000006042",14.1362664307761,-3.59564114530336,1.01470707109193,-3.54352625278749,0.000394814000072968,0.0219881027732945,"TMEM98","Oligodendrocytes",FALSE
"ENSG00000118473",45.4237563523218,-3.60696516910515,1.0199942415622,-3.53626032592184,0.000405834563272144,0.022515266192263,"SGIP1","Oligodendrocytes",FALSE
"ENSG00000167123",63.3792951914586,-3.69191264483752,1.04492071049781,-3.53319884250227,0.000410563551974144,0.0226906879106321,"CERCAM","Oligodendrocytes",FALSE
"ENSG00000163377",9.05934995340471,-3.79427683279427,1.07424392893472,-3.53204400843753,0.000412360723695309,0.0227033584756961,"TAFA4","Oligodendrocytes",FALSE
"ENSG00000099822",14.4447963355394,-2.67526229320807,0.758181937797117,-3.52852285162714,0.000417885865288959,0.0229204065506975,"HCN2","Oligodendrocytes",FALSE
"ENSG00000170677",307.804797648793,0.903675624599245,0.256426154527547,3.5241164313532,0.000424897498808991,0.0232170406896385,"SOCS6","Oligodendrocytes",FALSE
"ENSG00000087053",55.2540054041298,-0.938786485278079,0.26710142593032,-3.51471910720156,0.000440219351489911,0.0236965658348473,"MTMR2","Oligodendrocytes",FALSE
"ENSG00000119121",6.72608351820691,-3.26385888929882,0.928330361465337,-3.5158377068988,0.000438368860485513,0.0236965658348473,"TRPM6","Oligodendrocytes",FALSE
"ENSG00000137819",13.4364168655069,1.87353018506759,0.533020703184602,3.51492948374038,0.000439870771405796,0.0236965658348473,"PAQR5","Endothelial cells",FALSE
"ENSG00000183578",13.2289241913971,2.07033118250369,0.588899177660581,3.51559530228611,0.000438769251244238,0.0236965658348473,"TNFAIP8L3","Microglia",TRUE
"ENSG00000148734",7.88343673706504,2.174041665091,0.619008524363811,3.51213526069836,0.000444521699725506,0.023800366429179,"NPFFR1","Oligodendrocytes",FALSE
"ENSG00000154262",7.59248597988671,-3.06327025372085,0.872331472165808,-3.5115897470894,0.000445435034689745,0.023800366429179,"ABCA6","Oligodendrocytes",FALSE
"ENSG00000108679",20.6018944920079,-1.40089154913331,0.399470783641363,-3.50686860341457,0.000453412979266565,0.0240491572885709,"LGALS3BP","Oligodendrocytes",FALSE
"ENSG00000159713",6.78643655326347,-3.41198120943988,0.972936221675788,-3.50689092812586,0.000453374942422321,0.0240491572885709,"TPPP3","Oligodendrocytes",FALSE
"ENSG00000182903",105.105824212265,-0.518295818894012,0.148004216749003,-3.50189900178979,0.000461954698453882,0.0244127884438402,"ZNF721","Oligodendrocytes",FALSE
"ENSG00000144401",79.1804136634828,1.02101543524578,0.29178651724431,3.49918647677229,0.000466680076575865,0.0245728273047947,"METTL21A","Oligodendrocytes",FALSE
"ENSG00000186094",31.4149596283305,-1.08503085766587,0.3104594445236,-3.49491979324657,0.000474204234970436,0.0248001408491255,"AGBL4","Excitatory",FALSE
"ENSG00000198835",5.7630468045608,-3.02949679852483,0.866859181609137,-3.49479692065005,0.000474422583923188,0.0248001408491255,"GJC2","Oligodendrocytes",FALSE
"ENSG00000243444",29.988645420256,-4.031650269594,1.15401397770004,-3.49358876712145,0.000476574515781809,0.0248230179443187,NA,"Oligodendrocytes",FALSE
"ENSG00000162944",36.1366123068337,-2.96676249630821,0.850011023352201,-3.4902635551809,0.000482544404812659,0.0248785104856741,"RFTN2","Oligodendrocytes",FALSE
"ENSG00000165124",12.8279891131097,-3.18724888624513,0.913467560668488,-3.48917577753134,0.000484512427966858,0.0248785104856741,"SVEP1","Oligodendrocytes",FALSE
"ENSG00000176381",10.5704429945261,-3.38197498823216,0.96926645659603,-3.4892107997932,0.000484448948726017,0.0248785104856741,"PRR18","Oligodendrocytes",FALSE
"ENSG00000198756",36.2215960991684,-3.64738338974387,1.04485760963889,-3.49079468445891,0.000481586189272251,0.0248785104856741,"COLGALT2","Oligodendrocytes",FALSE
"ENSG00000164530",11.3298542025056,-3.1742834778543,0.910889045678263,-3.48481902698772,0.00049246999895932,0.0251977582506394,"PI16","Oligodendrocytes",FALSE
"ENSG00000101542",92.0706008711445,-3.71134145985259,1.0678258662365,-3.47560550573009,0.000509701456266027,0.0259875953758171,"CDH20","Oligodendrocytes",FALSE
"ENSG00000085733",13.4207110793276,-2.57577599157841,0.741309569768815,-3.47462935407901,0.000511559652900151,0.0259908202596287,"CTTN","Oligodendrocytes",FALSE
"ENSG00000198732",20.2179090935764,-2.9536478681596,0.850696946750514,-3.47203299534802,0.000516532846875674,0.0261517329467124,"SMOC1","OPCs",FALSE
"ENSG00000245293",14.1215191380415,-2.88041134245131,0.830134916653983,-3.46981109295023,0.000520824534517875,0.0262771402781144,"CYP2U1-AS1","Oligodendrocytes",FALSE
"ENSG00000126803",19.1456903875658,-2.10102198255892,0.606065011797547,-3.4666610704476,0.000526965901318578,0.0264029974086263,"HSPA2","Oligodendrocytes",FALSE
"ENSG00000197959",238.571446388668,-1.83120907084887,0.52815602834365,-3.46717441925585,0.000525960481689448,0.0264029974086263,"DNM3","Oligodendrocytes",FALSE
"ENSG00000099622",112.77679715339,-1.17897037640693,0.340310175827263,-3.46439942191254,0.000531416819095484,0.0264953424852601,"CIRBP","Oligodendrocytes",FALSE
"ENSG00000141449",24.8929055024174,-2.28959675243735,0.66099430718751,-3.46386758182449,0.000532468554089135,0.0264953424852601,"GREB1L","Oligodendrocytes",FALSE
"ENSG00000242593",21.9939989381599,-3.1286402094706,0.903478309150578,-3.46288358866308,0.000534419555560774,0.0265013533031507,"LOC102724577","Oligodendrocytes",FALSE
"ENSG00000151640",2.76186359085752,-3.63846575497509,1.0518186221912,-3.45921404908696,0.000541754184487708,0.0266823149366735,"DPYSL4","Oligodendrocytes",FALSE
"ENSG00000196159",5.75836324191554,-3.34494370125723,0.966776794016082,-3.45989241980252,0.00054039123855602,0.0266823149366735,"FAT4","Oligodendrocytes",FALSE
"ENSG00000120658",74.2852396237837,-3.17887062417005,0.92104013853323,-3.45139206336051,0.000557702778245214,0.0273746990813244,"ENOX1","Oligodendrocytes",FALSE
"ENSG00000145362",306.847903236209,-1.47661121375423,0.428469018034311,-3.44624967408024,0.00056842492132545,0.0276558981370246,"ANK2","Oligodendrocytes",FALSE
"ENSG00000154864",33.4236786095666,-2.49467592903923,0.72385825367893,-3.4463597207883,0.000568193472037153,0.0276558981370246,"PIEZO2","Oligodendrocytes",FALSE
"ENSG00000166348",64.9987595054006,-2.06464925868038,0.599161148619745,-3.44589976075152,0.000569161439560312,0.0276558981370246,"USP54","Oligodendrocytes",FALSE
"ENSG00000131981",14.646328698333,1.55963328739574,0.452734263925408,3.44491992691921,0.000571228582816515,0.0276635113016158,"LGALS3","Endothelial cells",FALSE
"ENSG00000084710",15.9442098143497,-2.37093138546275,0.688796745630288,-3.44213499919081,0.000577142146628138,0.0277356416602826,"EFR3B","Oligodendrocytes",FALSE
"ENSG00000189058",42.0473714287047,-2.36299190237321,0.686492216614012,-3.44212482703476,0.000577163850462558,0.0277356416602826,"APOD","Oligodendrocytes",FALSE
"ENSG00000258561",28.067502860422,-2.02645675987617,0.588826779991767,-3.44151595806241,0.000578464349544569,0.0277356416602826,NA,"Oligodendrocytes",FALSE
"ENSG00000149591",9.68143105474607,-1.74378150824177,0.50684283407944,-3.4404777792882,0.000580688116728578,0.0277503760073591,"TAGLN","Pericytes",FALSE
"ENSG00000149557",28.4677980669732,-2.40966727266696,0.701316908254144,-3.43591783444317,0.000590550045350337,0.0281288311074766,"FEZ1","Oligodendrocytes",FALSE
"ENSG00000078328",83.3089914253171,-2.12240977260704,0.618465586467575,-3.43173463333569,0.000599734085955529,0.0283424849348506,"RBFOX1","Excitatory",FALSE
"ENSG00000089220",71.7175252317017,-1.07044879292406,0.311974651153426,-3.43120439101838,0.0006009076571132,0.0283424849348506,"PEBP1","Oligodendrocytes",FALSE
"ENSG00000175161",303.517530490516,-3.049651545189,0.888432224739783,-3.43262148790497,0.000597776001079257,0.0283424849348506,"CADM2","Oligodendrocytes",FALSE
"ENSG00000169760",113.342493521414,-3.40753865284773,0.994799594891506,-3.42535187021197,0.000614003649749698,0.028772727664646,"NLGN1","Excitatory",FALSE
"ENSG00000262223",8.78967163557245,-3.32532106658934,0.970702704602676,-3.42568435301769,0.00061325260521097,0.028772727664646,"LINC03048","Oligodendrocytes",FALSE
"ENSG00000215374",3.1744161704638,-3.62377190695153,1.05876386275045,-3.4226441177712,0.000620152130409522,0.0289671059623544,"FAM66B","Oligodendrocytes",FALSE
"ENSG00000198203",10.0243163706645,2.90942707368586,0.85075779099492,3.41980655890724,0.000626656799479065,0.0291628899640676,"SULT1C2","Microglia",TRUE
"ENSG00000204442",38.0222313416436,-1.88982927283679,0.552733087850648,-3.41906304213768,0.000628371662209191,0.0291628899640676,"NALF1","Excitatory",FALSE
"ENSG00000182263",15.7113534705948,-3.5335169759537,1.0339992151079,-3.41733042378081,0.00063238476447872,0.0292553718519229,"FIGN","Oligodendrocytes",FALSE
"ENSG00000260788",22.3880157870405,-2.73925773098887,0.802089553970122,-3.41515198325461,0.000637464317764445,0.0293964436981821,"CEDORA","Oligodendrocytes",FALSE
"ENSG00000243701",24.4493908990486,-2.54233257367262,0.744862514114203,-3.41315682491551,0.00064214977713166,0.0294367424513706,"DUBR","Oligodendrocytes",FALSE
"ENSG00000277224",22.0612473709641,-2.66545249172649,0.780959353101623,-3.41304893928282,0.0006424040479719,0.0294367424513706,"H2BC7","Microglia",TRUE
"ENSG00000138311",16.8448285369899,-2.65337544814504,0.77804622180956,-3.41030567820751,0.000648901068029869,0.0296406544639511,"ZNF365","Oligodendrocytes",FALSE
"ENSG00000235358",5.82437108093502,2.34676252745091,0.689086437956835,3.40561415547394,0.000660154076017715,0.0300598459771589,"SCMH1-DT","Excitatory",FALSE
"ENSG00000108852",7.00700618990457,-3.3896806504972,0.995899024970554,-3.40363888858856,0.000664945982244859,0.0301265645597961,"MPP2","Oligodendrocytes",FALSE
"ENSG00000112541",10.6223839156101,-2.6302355404153,0.772849416640319,-3.40329627451785,0.000665780432260688,0.0301265645597961,"PDE10A","Excitatory",FALSE
"ENSG00000139116",17.9312644729377,-2.14657683198121,0.631195868040244,-3.40080938527999,0.000671866593531879,0.0302926226813958,"KIF21A","Oligodendrocytes",FALSE
"ENSG00000150672",460.111475726449,-1.8233415512152,0.536321730192179,-3.39971597004255,0.00067455884375239,0.0302926226813958,"DLG2","Oligodendrocytes",FALSE
"ENSG00000163697",91.720578708688,-3.03847942545264,0.893869416110193,-3.39924307811653,0.000675726320862626,0.0302926226813958,"APBB2","Oligodendrocytes",FALSE
"ENSG00000103647",16.6433225252161,-2.60941958224814,0.768525209571406,-3.39535977447424,0.000685384723779261,0.0306307740750731,"CORO2B","Oligodendrocytes",FALSE
"ENSG00000204278",8.8484326967922,-3.499985770859,1.03161952964347,-3.39270988022939,0.000692048927875567,0.0308334414635022,"TMEM235","Oligodendrocytes",FALSE
"ENSG00000153721",13.4867308636025,-2.75234451463949,0.812157490320371,-3.38892954561532,0.000701660362942265,0.031115047938969,"CNKSR3","Oligodendrocytes",FALSE
"ENSG00000227115",17.5265571887971,-4.57500820807927,1.3502624736621,-3.38823621134283,0.000703436559181847,0.031115047938969,"LINC01630","Oligodendrocytes",FALSE
"ENSG00000227392",7.56992406028423,-3.8069131850851,1.12374603860913,-3.38769886993057,0.00070481600303742,0.031115047938969,"HPN-AS1","Oligodendrocytes",FALSE
"ENSG00000019144",38.8182458097028,-3.61652475794582,1.06786376288236,-3.38669115260934,0.000707409759099855,0.031134630126948,"PHLDB1","Oligodendrocytes",FALSE
"ENSG00000065060",98.3660008466427,0.596956718165009,0.176680701858747,3.37873186989185,0.000728209942238324,0.0316651049958286,"BLTP3A","Oligodendrocytes",FALSE
"ENSG00000092445",9.14738423654351,-2.91537854122612,0.862747327661674,-3.37918003076027,0.000727023820043087,0.0316651049958286,"TYRO3","Oligodendrocytes",FALSE
"ENSG00000130821",14.8432573361525,-2.27709145962316,0.673734882390614,-3.37980341991995,0.000725376915266193,0.0316651049958286,"SLC6A8","Oligodendrocytes",FALSE
"ENSG00000135074",10.5207689546828,-1.73447555487399,0.513350490437306,-3.3787355562794,0.000728200178355317,0.0316651049958286,"ADAM19","Oligodendrocytes",FALSE
"ENSG00000138316",3.547875062904,-4.73314549361804,1.40270117622772,-3.3743077811818,0.000740015774376614,0.0320821209969262,"ADAMTS14","Oligodendrocytes",FALSE
"ENSG00000237764",3.62490441661988,-2.75933019324849,0.818339043315741,-3.37186672906165,0.000746605665525354,0.0322711941397228,NA,"Excitatory",FALSE
"ENSG00000115365",69.6226036720142,-1.84044951243214,0.546312662272784,-3.36885750510606,0.000754804398756518,0.0325284752797452,"LANCL1","Oligodendrocytes",FALSE
"ENSG00000151778",5.03967292393425,-3.07353919206585,0.914517705198517,-3.36083071393207,0.00077708437924333,0.0332904787320811,"SERP2","Oligodendrocytes",FALSE
"ENSG00000228793",10.4846485221991,-4.12276205858914,1.22654364745815,-3.36128442484131,0.00077580890894154,0.0332904787320811,"LOC100507336","Oligodendrocytes",FALSE
"ENSG00000198838",16.4599400351584,-1.86561187096926,0.555331468820077,-3.35945642506657,0.000780959662431405,0.0333578050501674,"RYR3","Astrocytes",FALSE
"ENSG00000154265",21.5082397152689,-1.56123881841319,0.464867202734473,-3.3584619633942,0.000783775070447842,0.0333795971178963,"ABCA5","Oligodendrocytes",FALSE
"ENSG00000083067",48.4526911373576,-2.19294899743403,0.653351015319763,-3.35646374768509,0.000789460699993705,0.0335231405745127,"TRPM3","Astrocytes",FALSE
"ENSG00000105605",3.0627562219723,-3.10482605628065,0.925341877285091,-3.35532858989378,0.000792707651616345,0.0335625929690195,"CACNG7","Oligodendrocytes",FALSE
"ENSG00000100146",10.3826530588693,-2.89333203228584,0.863258851587846,-3.35163899792508,0.000803346995684072,0.0338971635011603,"SOX10","Oligodendrocytes",FALSE
"ENSG00000204257",9.59395070390372,-2.22755985493595,0.664750860502279,-3.35096949442506,0.000805291729585576,0.0338971635011603,"HLA-DMA","Oligodendrocytes",FALSE
"ENSG00000171497",34.3122170877066,1.18029720441102,0.352316293275337,3.35010678455512,0.000807804119605262,0.0339043584112585,"PPID","Oligodendrocytes",FALSE
"ENSG00000100883",44.1459516269496,-0.649606020418103,0.193959535697498,-3.34918321020956,0.000810501819466991,0.0339192668956128,"SRP54","Oligodendrocytes",FALSE
"ENSG00000205056",20.0893560074208,2.66668680441079,0.796468706974411,3.34813757409362,0.000813566142283672,0.0339493883004829,NA,"Microglia",TRUE
"ENSG00000227456",8.6887646135268,1.60667042461791,0.48019883596653,3.34584406349934,0.000820325149692008,0.0341330694469548,"LINC00310","Excitatory",FALSE
"ENSG00000066279",3.46226885261399,3.77599813007707,1.13158197155229,3.33691966203491,0.000847124309713876,0.0343595518337729,"ASPM","Oligodendrocytes",FALSE
"ENSG00000099194",65.6597243042388,-1.95680618384174,0.585900611159949,-3.33982615237031,0.000838308497546011,0.0343595518337729,"SCD","Oligodendrocytes",FALSE
"ENSG00000109339",72.5373041712078,-1.40677749794607,0.420918066917551,-3.34216468361201,0.000831277250296423,0.0343595518337729,"MAPK10","Oligodendrocytes",FALSE
"ENSG00000129595",7.63809765826158,-2.91416611072372,0.872702359156198,-3.33924399326866,0.000840067426931631,0.0343595518337729,"EPB41L4A","Oligodendrocytes",FALSE
"ENSG00000132170",157.759501692125,0.979143884817072,0.29316971512093,3.3398534511424,0.000838226101232355,0.0343595518337729,"PPARG","Microglia",TRUE
"ENSG00000170075",9.50779717280602,-2.47621370188602,0.740745796713551,-3.34286568060484,0.000829180248556735,0.0343595518337729,"GPR37L1","Oligodendrocytes",FALSE
"ENSG00000196361",20.961467094588,-2.4717027042901,0.739671357555581,-3.34162284241805,0.00083290151426137,0.0343595518337729,"ELAVL3","Oligodendrocytes",FALSE
"ENSG00000239922",4.57834637713802,-4.35091294825185,1.30369203782587,-3.33737786379959,0.00084572883113399,0.0343595518337729,"LOC124909496","Oligodendrocytes",FALSE
"ENSG00000258844",5.572432855746,-4.39303300172702,1.31604936201274,-3.33804576677001,0.000843698514691279,0.0343595518337729,NA,"Oligodendrocytes",FALSE
"ENSG00000235903",19.3772427433393,-2.37933281028865,0.713959930795327,-3.33258591646474,0.000860428991128795,0.03480170891493,"CPB2-AS1","Oligodendrocytes",FALSE
"ENSG00000095397",9.56832165090877,-2.8381006643607,0.851840497717523,-3.3317277964188,0.000863086311677933,0.0348119492843913,"WHRN","Oligodendrocytes",FALSE
"ENSG00000074211",9.89015055413283,-2.66110483556094,0.800070879466847,-3.32608635541673,0.000880746372954091,0.0354255763343757,"PPP2R2C","Oligodendrocytes",FALSE
"ENSG00000169006",2.74450318211095,-3.72145276158117,1.1195270638294,-3.32412934159157,0.000886950496641791,0.0355762969290114,"NTSR2","Astrocytes",FALSE
"ENSG00000248643",49.8430571553597,0.780281727761827,0.234899300894437,3.32177117935521,0.000894480154763421,0.0357792061905368,"RBM14-RBM4","Oligodendrocytes",FALSE
"ENSG00000180287",22.8547207082156,-2.7304217105721,0.822179634690057,-3.32095517252918,0.00089709944917404,0.0357851240331683,"PLD5","Oligodendrocytes",FALSE
"ENSG00000196730",23.3032787325258,1.15508416436714,0.348038548800792,3.31883973297531,0.000903922924116194,0.0359582525857211,"DAPK1","Excitatory",FALSE
"ENSG00000149571",92.8468028140323,-2.16414313378725,0.652965132654908,-3.3143318464617,0.000918624139423453,0.0364429521612373,"KIRREL3","Oligodendrocytes",FALSE
"ENSG00000050438",72.8638616631973,-0.993477203342163,0.300333426103453,-3.30791419467226,0.000939936036859549,0.0367970878909994,"SLC4A8","Oligodendrocytes",FALSE
"ENSG00000107186",23.3558563450906,-2.88309874735779,0.871601238277109,-3.30781855365052,0.000940257080087693,0.0367970878909994,"MPDZ","Oligodendrocytes",FALSE
"ENSG00000140479",73.0992352995473,-3.45701026289869,1.04506143994944,-3.30794930398153,0.000939818209085721,0.0367970878909994,"PCSK6","Oligodendrocytes",FALSE
"ENSG00000147862",31.0759124921445,-2.60247767037505,0.786216355778952,-3.31012914097497,0.000932529359629284,0.0367970878909994,"NFIB","Oligodendrocytes",FALSE
"ENSG00000211584",25.9348427869807,-1.92004656525366,0.580298253375692,-3.30872366767335,0.000937222900582131,0.0367970878909994,"SLC48A1","Oligodendrocytes",FALSE
"ENSG00000166016",16.6024240966668,-3.1605161121165,0.955807940497637,-3.30664349834863,0.000944209749614967,0.0368215128461083,"ABTB2","Oligodendrocytes",FALSE
"ENSG00000242242",4.58567000429456,-3.32160654386622,1.00468342999232,-3.30612255035559,0.000945967042731511,0.0368215128461083,NA,"Oligodendrocytes",FALSE
"ENSG00000141540",60.2985362932143,-1.360294485821,0.411585092313938,-3.3050139842855,0.000949716612110535,0.0368683553441302,"TTYH2","Oligodendrocytes",FALSE
"ENSG00000164066",26.9006376307439,-1.09797955478919,0.332443467554721,-3.30275569216429,0.000957397593701061,0.0369683124181103,"INTU","Oligodendrocytes",FALSE
"ENSG00000265763",4.13197109595636,-3.82867501228041,1.15914307607794,-3.30302194034154,0.000956489038578429,0.0369683124181103,"ZNF488","Oligodendrocytes",FALSE
"ENSG00000105357",8.80849740534762,-2.34042425877987,0.708857694076574,-3.30168421438767,0.000961062031350566,0.0370111122711601,"MYH14","Oligodendrocytes",FALSE
"ENSG00000148154",221.738306638835,0.841338488684811,0.254976667740919,3.29966853884723,0.000967990838880567,0.0370807072671709,"UGCG","Microglia",TRUE
"ENSG00000172339",18.056468742972,-0.906166063623871,0.274599248288634,-3.29995828201027,0.000966992018887806,0.0370807072671709,"ALG14","Oligodendrocytes",FALSE
"ENSG00000103089",32.411795974873,-2.94190768678262,0.89262356188691,-3.29579882539034,0.000981422663071585,0.0371502567423959,"FA2H","Oligodendrocytes",FALSE
"ENSG00000105894",16.143557030048,-2.80549393515675,0.851162397976238,-3.29607363039911,0.000980463148084187,0.0371502567423959,"PTN","Oligodendrocytes",FALSE
"ENSG00000147113",5.5954517677685,-3.27177290721671,0.992814585817763,-3.29545209544017,0.000982634553338234,0.0371502567423959,"DIPK2B","Oligodendrocytes",FALSE
"ENSG00000148935",13.9137716562804,-1.31839093248165,0.399864541379366,-3.29709388067707,0.000976908414591983,0.0371502567423959,"GAS2","Oligodendrocytes",FALSE
"ENSG00000172878",26.3913372557988,-0.975046621257616,0.295792449778014,-3.29638779485199,0.000979367269045161,0.0371502567423959,"METAP1D","Oligodendrocytes",FALSE
"ENSG00000064655",21.6528560647812,1.63418180711252,0.496450957851746,3.29172858117544,0.000995736605534336,0.0375475678336906,"EYA2","Astrocytes",FALSE
"ENSG00000103740",15.392066603507,-2.6954582343881,0.820158534119915,-3.28650879342553,0.00101437606747794,0.0381465106307472,"ACSBG1","Oligodendrocytes",FALSE
"ENSG00000148143",18.1059246371208,-2.92763742471661,0.890993623928229,-3.28581186901112,0.00101688902648262,0.0381465106307472,"ZNF462","Oligodendrocytes",FALSE
"ENSG00000169562",7.022086577861,-3.22984017183267,0.985077660449087,-3.27876704701659,0.00104261664258901,0.0390105658519092,"GJB1","Oligodendrocytes",FALSE
"ENSG00000214575",9.91326922965849,-2.66849041237818,0.814128502427374,-3.27772631030841,0.00104646806508206,0.0390537566556397,"CPEB1","Oligodendrocytes",FALSE
"ENSG00000182771",65.4226982504916,-3.21037606791553,0.981516151910131,-3.27083366042199,0.00107230962557568,0.0399152786075471,"GRID1","Oligodendrocytes",FALSE
"ENSG00000277531",1.97042700359399,-3.84214405651268,1.175650233251,-3.26810130074834,0.00108271605389007,0.0401993037444315,"PNMA8C","Excitatory",FALSE
"ENSG00000227733",10.2125176198358,-2.81879661189686,0.863270285379149,-3.26525383722532,0.00109366019910631,0.0405017894707402,"LOC101927468","Oligodendrocytes",FALSE
"ENSG00000120694",240.808641541979,1.64813581056691,0.50561956062356,3.25963617494214,0.00111555213864455,0.0412071300193192,"HSPH1","Oligodendrocytes",FALSE
"ENSG00000227544",2.66691108072382,-2.95352129558413,0.906641069300476,-3.25765222378789,0.00112337988685317,0.0413906889609005,"LINC03013","Oligodendrocytes",FALSE
"ENSG00000167588",2.63333675840398,-3.27883204244066,1.00947131360089,-3.2480685664506,0.0011619126744287,0.0425465346261027,"GPD1","Oligodendrocytes",FALSE
"ENSG00000176046",58.4529755458056,1.23766098956799,0.380937441608349,3.24898750918913,0.00115816563669855,0.0425465346261027,"NUPR1","Oligodendrocytes",FALSE
"ENSG00000240405",5.42820863496321,-3.4207096485443,1.05328308027191,-3.24766410152648,0.00116356544971938,0.0425465346261027,"SAMMSON","Oligodendrocytes",FALSE
"ENSG00000078269",57.6652779981202,-3.41960033895935,1.05374225627011,-3.24519617450245,0.00117369736695434,0.0428089115201484,"SYNJ2","Oligodendrocytes",FALSE
"ENSG00000137959",110.341336468391,-1.35353422820671,0.417528859454212,-3.24177406557245,0.00118788155344995,0.0432173992310436,"IFI44L","Microglia",TRUE
"ENSG00000198795",12.7511826902982,-2.78687981926329,0.860597809055428,-3.2383068954383,0.00120241388986385,0.0436364739980667,"ZNF521","Oligodendrocytes",FALSE
"ENSG00000175575",34.8582963020343,-0.916769385475038,0.283519290797418,-3.23353441981517,0.00122268601572681,0.0442612337693103,"PAAF1","Oligodendrocytes",FALSE
"ENSG00000249853",31.4574407870121,-3.67605910415656,1.13831840975781,-3.22937683572972,0.00124060305449713,0.044797835982839,"HS3ST5","Oligodendrocytes",FALSE
"ENSG00000113578",20.2325993510748,-1.82581728167752,0.56563126482078,-3.22792850260147,0.0012469013500488,0.0448018152573364,"FGF1","Oligodendrocytes",FALSE
"ENSG00000179915",64.6197201611288,-1.95926226059036,0.606917123878385,-3.22822043324479,0.0012456294745946,0.0448018152573364,"NRXN1","Excitatory",FALSE
"ENSG00000148498",30.103861271071,-1.69723339917413,0.526804083922961,-3.22175444528696,0.00127408277404765,0.0455620695322658,"PARD3","Astrocytes",FALSE
"ENSG00000167635",48.3838893560414,-0.926598355326111,0.287612193424023,-3.22169357388835,0.0012743534641276,0.0455620695322658,"ZNF146","Oligodendrocytes",FALSE
"ENSG00000126878",9.22275317672623,-2.69979863346406,0.838708160587726,-3.21899650001279,0.00128640055396531,0.0458795074419155,"AIF1L","Oligodendrocytes",FALSE
"ENSG00000188060",8.85511840911136,3.15772873888553,0.981941503756707,3.21580127411329,0.00130080875981051,0.0462793878183198,"RAB42","Microglia",TRUE
"ENSG00000058335",18.9894620678224,-2.49872181842828,0.777353100857314,-3.21439744135906,0.0013071860223138,0.0463723369648623,"RASGRF1","Oligodendrocytes",FALSE
"ENSG00000164402",28.1595577992907,-1.4951278535202,0.465218572270523,-3.21381806883408,0.00130982636868983,0.0463723369648623,"SEPTIN8","Oligodendrocytes",FALSE
"ENSG00000261329",14.7074361406869,-3.08996146706533,0.961979069528077,-3.21208804322654,0.00131773984864912,0.0465387146547299,"LOC100128079","Oligodendrocytes",FALSE
"ENSG00000170775",20.3308833514939,-3.0473446938411,0.949256492366523,-3.21024372058176,0.00132622471515322,0.0467244133221865,"GPR37","Oligodendrocytes",FALSE
"ENSG00000170396",225.875332193943,0.873304237597951,0.272113400218307,3.20933933021061,0.00133040378726817,0.0467578806787453,"ZNF804A","Excitatory",FALSE
"ENSG00000070214",289.325908214005,-1.79332317822998,0.558987502376407,-3.2081632784384,0.00133585634533195,0.0468358350615172,"SLC44A1","Oligodendrocytes",FALSE
"ENSG00000182979",24.694086047283,-1.13765634394087,0.354995619868429,-3.20470529851189,0.00135200832641297,0.0471736881119512,"MTA1","Oligodendrocytes",FALSE
"ENSG00000205683",17.8340438838907,-2.38540002826245,0.744256952776027,-3.20507590740681,0.0013502686586974,0.0471736881119512,"DPF3","Oligodendrocytes",FALSE
"ENSG00000126804",117.76118403198,0.700736542742876,0.21887511539724,3.20153591453783,0.00136697033505577,0.0475810828163643,"ZBTB1","Oligodendrocytes",FALSE
"ENSG00000131386",9.24324682896357,-2.03927526187686,0.637746140116642,-3.19762854464926,0.00138562639578831,0.0481147966691,"GALNT15","Oligodendrocytes",FALSE
"ENSG00000144451",50.2989345404435,-0.787142288106611,0.246320280100055,-3.19560487584244,0.00139538060014603,0.0482222221721112,"SPAG16","Excitatory",FALSE
"ENSG00000150625",30.5153744997947,-2.33804443060888,0.731493421848458,-3.19626173083105,0.00139220760097943,0.0482222221721112,"GPM6A","Astrocytes",FALSE
"ENSG00000177606",54.3076968677726,0.856402840711606,0.268185524056985,3.19332239770568,0.00140645824073992,0.0484893222045573,"JUN","Astrocytes",FALSE
"ENSG00000111300",104.671699241575,-0.555806126616661,0.174144269838676,-3.19164177570442,0.00141466664086058,0.048541168150856,"NAA25","Oligodendrocytes",FALSE
"ENSG00000264522",28.90713961799,-2.16841132724624,0.679376724119863,-3.19176570268202,0.00141405985857455,0.048541168150856,"OTUD7B","Oligodendrocytes",FALSE
"ENSG00000102908",314.459769220084,0.426414717229306,0.133877242203666,3.18511727766699,0.00144695356108792,0.049531649088778,"NFAT5","Oligodendrocytes",FALSE
"ENSG00000136732",69.3287211388065,0.809079723272272,0.25418617843689,3.18302013212395,0.00145747480030909,0.0496570237846484,"GYPC","Microglia",TRUE
"ENSG00000147488",354.064660483515,-2.9276823151011,0.919587242926438,-3.18369174607536,0.00145409770825589,0.0496570237846484,"ST18","Oligodendrocytes",FALSE
"ENSG00000198947",74.7549809691131,-1.98288784618516,0.62336656380883,-3.18093391802974,0.00146801111331481,0.0498985937107944,"DMD","Oligodendrocytes",FALSE
"ENSG00000165443",25.8896948712739,-2.39764234856468,0.754116440537746,-3.17940601700046,0.00147577217561278,0.0500449206156279,"PHYHIPL","Oligodendrocytes",FALSE
"ENSG00000057468",24.0357018917625,1.75626951233907,0.553252641182772,3.17444397298208,0.00150123869945502,0.0506297302656962,"MSH4","Oligodendrocytes",FALSE
"ENSG00000160307",69.5539088983712,-1.76273152883072,0.555482953153272,-3.17333145657188,0.00150700371163778,0.0506297302656962,"S100B","Oligodendrocytes",FALSE
"ENSG00000245729",2.87395115933531,-3.98450484769754,1.25542101007833,-3.17383954522867,0.00150436829250568,0.0506297302656962,"LINC02226","Oligodendrocytes",FALSE
"ENSG00000266258",40.3858832213644,1.36566235733378,0.430312134935404,3.17365522945055,0.00150532383398316,0.0506297302656962,"LINC01909","Microglia",TRUE
"ENSG00000165475",46.3123801313933,-0.773656254860764,0.244032660569637,-3.17029799640279,0.00152282675010114,0.0510428966237605,"CRYL1","Oligodendrocytes",FALSE
"ENSG00000171130",12.8976062024903,-1.23887409940307,0.391307018097908,-3.16598998255916,0.00154556116197925,0.0516852785807379,"ATP6V0E2","Oligodendrocytes",FALSE
"ENSG00000153002",4.34149537952629,-3.95730213436497,1.25211259249975,-3.16050022822988,0.00157498481698474,0.0523102753289167,"CPB1","Oligodendrocytes",FALSE
"ENSG00000159784",4.0792844358661,-3.13551971960757,0.992102041059641,-3.16048106932488,0.00157508840078782,0.0523102753289167,"FAM131B","Oligodendrocytes",FALSE
"ENSG00000259048",10.0211485135031,-2.98387372886652,0.943918197010948,-3.16115711966925,0.00157143708463761,0.0523102753289167,NA,"Oligodendrocytes",FALSE
"ENSG00000148200",102.742868722796,0.600081560615571,0.190146974385423,3.15588277202466,0.00160013157724344,0.0528993270285046,"NR6A1","Oligodendrocytes",FALSE
"ENSG00000177103",59.2925400795831,-3.26962251949566,1.03598476477408,-3.15605270528151,0.00159919960455821,0.0528993270285046,"DSCAML1","Oligodendrocytes",FALSE
"ENSG00000002834",66.7840090123829,0.588401068435858,0.186638787684036,3.15261942995458,0.00161812614171396,0.0533723611207701,"LASP1","Excitatory",FALSE
"ENSG00000169247",28.4597418926365,-3.63664686228136,1.15393457279036,-3.15151911385018,0.00162423531546951,0.053452107654542,"SH3TC2","Oligodendrocytes",FALSE
"ENSG00000134138",19.1804504391082,-2.67789407452022,0.850520101854223,-3.14853707593992,0.00164089906481835,0.0538780463913145,"MEIS2","Oligodendrocytes",FALSE
"ENSG00000158865",96.3436456158503,-3.63376434343765,1.15460685624741,-3.1471875675914,0.00164849175786677,0.0540048883572644,"SLC5A11","Oligodendrocytes",FALSE
"ENSG00000163517",13.6938847480511,-1.80018035635686,0.572375263421611,-3.14510509345832,0.00166027176568092,0.0542680252078096,"HDAC11","Oligodendrocytes",FALSE
"ENSG00000099256",29.0868919625272,-1.26446054156301,0.40232526061233,-3.14288130861713,0.00167293660707986,0.0545507751440577,"PRTFDC1","Oligodendrocytes",FALSE
"ENSG00000133134",5.65709667332565,-1.57609257818982,0.501578352029548,-3.14226595269202,0.00167645683281117,0.0545507751440577,"BEX2","Oligodendrocytes",FALSE
"ENSG00000127946",91.6514107404337,-1.54903521228863,0.493491212047868,-3.13893170632262,0.00169564961356025,0.0548058178668581,"HIP1","Oligodendrocytes",FALSE
"ENSG00000155962",30.6017446587143,1.39026202528712,0.442895852192949,3.13902697079549,0.0016950984535127,0.0548058178668581,"CLIC2","Endothelial cells",FALSE
"ENSG00000187098",247.570776906196,0.518532825796838,0.165156982954048,3.13963609968045,0.00169157818447004,0.0548058178668581,"MITF","Oligodendrocytes",FALSE
"ENSG00000143995",25.9446639663294,-2.09655529855556,0.668728251933233,-3.13513791662698,0.00171773333969516,0.0553959437834875,"MEIS1","Oligodendrocytes",FALSE
"ENSG00000140807",24.0219404840493,-1.01529241380659,0.324273752563184,-3.13097315395197,0.00174228086624029,0.0558582252164289,"NKD1","Oligodendrocytes",FALSE
"ENSG00000174718",144.803586218465,0.64577831620378,0.206269919375869,3.13074401811846,0.00174364073189405,0.0558582252164289,"RESF1","Oligodendrocytes",FALSE
"ENSG00000203930",10.7921760791148,-2.56229364212468,0.818357134219762,-3.1310213291751,0.00174199508206054,0.0558582252164289,"LINC00632","Excitatory",FALSE
"ENSG00000242861",16.4670405103034,-1.24512263573462,0.398064819616375,-3.12793940678952,0.001760364684794,0.0562694936773004,NA,"Oligodendrocytes",FALSE
"ENSG00000054690",76.4971605575528,-2.1144067497931,0.676297001474943,-3.12644702724064,0.00176932376791537,0.056307270680032,"PLEKHH1","Oligodendrocytes",FALSE
"ENSG00000165868",12.6472789830027,-1.73205353601247,0.553938277750964,-3.12679878892781,0.00176720829749415,0.056307270680032,"HSPA12A","Excitatory",FALSE
"ENSG00000129538",29.3099913936637,-1.80539856785408,0.577756329462889,-3.12484429124726,0.00177899201129373,0.0563350035262413,"RNASE1","Oligodendrocytes",FALSE
"ENSG00000143797",23.9429477971918,-2.13383240515859,0.682964215099934,-3.12436926852215,0.00178186682424161,0.0563350035262413,"MBOAT2","Oligodendrocytes",FALSE
"ENSG00000255240",26.3795776828677,1.6906328164713,0.540899131991892,3.12559720745982,0.00177444413471319,0.0563350035262413,"GLYATL1-AS1","Microglia",TRUE
"ENSG00000139292",11.0794181946852,-3.02538600237877,0.969010963752644,-3.12213805162998,0.00179542725647921,0.0566400581128955,"LGR5","Oligodendrocytes",FALSE
"ENSG00000116791",14.5363276962048,1.31370188040157,0.4209448631067,3.120840745522,0.00180335530087262,0.0567664886013817,"CRYZ","Oligodendrocytes",FALSE
"ENSG00000117480",8.94512033605525,-2.33113418034272,0.747313983453525,-3.11935040954268,0.00181250268647805,0.056807443506931,"FAAH","Oligodendrocytes",FALSE
"ENSG00000238217",5.19133513983787,-3.86587598181319,1.23912048614304,-3.11985478817024,0.00180940214804739,0.056807443506931,"LINC01877","Oligodendrocytes",FALSE
"ENSG00000185615",4.76872406970751,-3.84290066331736,1.23260357056866,-3.11771015034821,0.00182261954937864,0.0568885536168593,"PDIA2","Oligodendrocytes",FALSE
"ENSG00000188803",7.00975569061697,-2.68328212342619,0.860672648680604,-3.11765701807721,0.00182294812694908,0.0568885536168593,"SHISA6","Excitatory",FALSE
"ENSG00000232104",73.0593466163429,-1.02466391174643,0.328961794504343,-3.11484168941359,0.00184043657925669,0.0573107992852407,NA,"Oligodendrocytes",FALSE
"ENSG00000084453",40.6987373666353,-3.16859542414694,1.01826053381399,-3.11177279185974,0.00185967568075282,0.0577856305950661,"SLCO1A2","Oligodendrocytes",FALSE
"ENSG00000070808",3.38273323703987,-3.52582207159624,1.13376627131413,-3.10983150654985,0.00187194093697092,0.0579840772016484,"CAMK2A","Excitatory",FALSE
"ENSG00000134321",8.12863636356027,-1.42524751187348,0.458353287139565,-3.10949556131252,0.00187407100347869,0.0579840772016484,"RSAD2","Excitatory",FALSE
"ENSG00000061676",18.2299724742087,-1.49443958533998,0.480769213386666,-3.1084344498949,0.00188081362969833,0.0580686169680849,"NCKAP1","Oligodendrocytes",FALSE
"ENSG00000173988",18.6488259181619,-2.51570699632579,0.80968604907833,-3.10701536625144,0.00188986574931866,0.0582239490428387,"LRRC63","Oligodendrocytes",FALSE
"ENSG00000026652",79.9642117847205,-1.48634309083616,0.478493876460677,-3.10629490565343,0.0018944767573478,0.0582420879965947,"AGPAT4","Oligodendrocytes",FALSE
"ENSG00000091656",25.2382244217239,-2.36136264735165,0.761542158084524,-3.10076418263054,0.00193021944349181,0.0592152066562741,"ZFHX4","Oligodendrocytes",FALSE
"ENSG00000003402",261.199179127529,0.517867189009475,0.167167566944768,3.09789272210067,0.00194901967625596,0.0596655494972227,"CFLAR","Oligodendrocytes",FALSE
"ENSG00000121653",18.5480363619157,-2.75492593717795,0.889843277729608,-3.09596757780428,0.0019617181016397,0.0599275909530441,"MAPK8IP1","Oligodendrocytes",FALSE
"ENSG00000101464",48.8164403084884,-0.877168127326208,0.28358911554534,-3.09309518328804,0.00198080592574059,0.0603833048520501,"PIGU","Oligodendrocytes",FALSE
"ENSG00000163536",23.896402782542,-1.64836825621067,0.533148237949415,-3.09176348880115,0.00198971310082755,0.0605274069327371,"SERPINI1","Oligodendrocytes",FALSE
"ENSG00000280870",19.817538086325,-2.92417443790429,0.946169926618223,-3.09053834373684,0.00199794006213154,0.0606502559741399,"MIR325HG","Oligodendrocytes",FALSE
"ENSG00000261115",11.6913332579989,-2.24009867344091,0.72504420824644,-3.08960287933161,0.002004242798372,0.0607143006703484,"TMEM178B","Excitatory",FALSE
"ENSG00000173715",30.2675286469842,1.12492086868307,0.364320686584448,3.08772164224147,0.00201697300306641,0.0609723780467675,"TOP6BL","Excitatory",FALSE
"ENSG00000185634",6.15132304948343,-2.22832669456611,0.722450737763565,-3.08439950032326,0.00203963507420915,0.0615289914053093,"SHC4","Oligodendrocytes",FALSE
"ENSG00000198739",12.1352301614032,-2.49853467694886,0.810320411903998,-3.08339101452238,0.00204656056766342,0.0616095572136513,"LRRTM3","Excitatory",FALSE
"ENSG00000039068",3.48357677056749,-3.10064601504182,1.00687379241684,-3.07947832031581,0.00207363461842285,0.0621661061589294,"CDH1","Oligodendrocytes",FALSE
"ENSG00000169085",7.87869994088392,-1.694337453481,0.550198006093533,-3.07950489590281,0.00207344962455888,0.0621661061589294,"VXN","Oligodendrocytes",FALSE
"ENSG00000183166",29.9057305349385,-2.50043722032133,0.812610078873278,-3.07704431107759,0.00209064220382641,0.0625464857673687,"CALN1","Oligodendrocytes",FALSE
"ENSG00000136002",15.1280686219603,-2.47708428211068,0.806562394056091,-3.07116262841585,0.002132269783606,0.0636603432301336,"ARHGEF4","Astrocytes",FALSE
"ENSG00000168297",112.148429643435,-1.45317094247674,0.473516511577273,-3.06889180619333,0.00214854387173396,0.0640142289356127,"PXK","Oligodendrocytes",FALSE
"ENSG00000141934",5.78874027406713,-2.6470820881389,0.862870010780487,-3.0677646169955,0.00215666421529004,0.0640694236417967,"PLPP2","Oligodendrocytes",FALSE
"ENSG00000166313",24.3731445972782,-1.95569846373873,0.63757382356226,-3.0674070852091,0.00215924576914343,0.0640694236417967,"APBB1","Oligodendrocytes",FALSE
"ENSG00000183281",15.2634273161125,1.16860469942495,0.381553734610252,3.06275261757993,0.00219311279305765,0.0648087209050507,"PLGLB1","Oligodendrocytes",FALSE
"ENSG00000189045",11.5382361385298,2.04869131571652,0.668798842392773,3.06323992485824,0.00218954434587878,0.0648087209050507,"ANKDD1B","Oligodendrocytes",FALSE
"ENSG00000169181",5.90684032844519,-2.60890608882994,0.852637556644153,-3.05980667694042,0.00221479904659895,0.0653162733090687,"GSG1L","OPCs",FALSE
"ENSG00000131389",72.9081007922683,0.721601192341662,0.235947614256409,3.05831103491253,0.00222588412291949,0.0655097603655981,"SLC6A6","Oligodendrocytes",FALSE
"ENSG00000175895",36.1857294758718,0.72512883698833,0.237495895043332,3.05322682253529,0.00226394744561955,0.0664948458672841,"PLEKHF2","Oligodendrocytes",FALSE
"ENSG00000151413",114.232433135498,-0.621768371838631,0.204057458517534,-3.04702595217907,0.0023111775456519,0.067700951666277,"NUBPL","Oligodendrocytes",FALSE
"ENSG00000251138",21.3868274872409,-3.93170042865878,1.29051565135863,-3.04661196826212,0.00231436264328778,0.067700951666277,"LINC02882","Oligodendrocytes",FALSE
"ENSG00000233723",4.86414541225449,-2.53941561384137,0.834257998140717,-3.04392120842818,0.00233516290866434,0.068171691365846,"LINC01122","Excitatory",FALSE
"ENSG00000135540",638.169376354815,1.17848520003158,0.387342972460592,3.04248504250708,0.00234633477867531,0.0683600152821298,"NHSL1","Microglia",TRUE
"ENSG00000102271",15.152803005083,-2.8253618138148,0.928887092929445,-3.04166333596521,0.00235274878777155,0.0684092418613092,"KLHL4","Oligodendrocytes",FALSE
"ENSG00000088367",16.0653367986008,-2.03692313929337,0.669877726435793,-3.04073871828996,0.00235998528604501,0.0684821381601838,"EPB41L1","Oligodendrocytes",FALSE
"ENSG00000105767",9.27193349145003,-2.13683451117419,0.703265023586025,-3.03844843623566,0.00237799796952256,0.0688655105244648,"CADM4","Oligodendrocytes",FALSE
"ENSG00000115170",64.0700232162695,0.518666075363851,0.170759123189425,3.03741355469768,0.00238617835186822,0.0688655105244648,"ACVR1","Oligodendrocytes",FALSE
"ENSG00000184677",50.4346627717907,0.771362227235604,0.253967219614415,3.03725113976017,0.00238746452232606,0.0688655105244648,"ZBTB40","Oligodendrocytes",FALSE
"ENSG00000158560",23.3599271293771,-2.36737724878842,0.779698783199425,-3.03627157025191,0.00239523523911006,0.0689522987322339,"DYNC1I1","Oligodendrocytes",FALSE
"ENSG00000112208",12.3485486825881,1.2472448023337,0.411290273423684,3.03251713674461,0.00242523326604945,0.0695938261563408,"BAG2","Oligodendrocytes",FALSE
"ENSG00000186868",34.9498234672787,-2.08085761452888,0.686235123127854,-3.03228083844549,0.00242713274923702,0.0695938261563408,"MAPT","Oligodendrocytes",FALSE
"ENSG00000167861",7.37527672016476,-3.44952887091967,1.13825565734579,-3.03053962320148,0.00244117153980012,0.0697440124057403,"HID1","Oligodendrocytes",FALSE
"ENSG00000183346",2.98984808354653,-3.2146913839412,1.06080136608451,-3.03043669316421,0.00244200374928939,0.0697440124057403,"CABCOCO1","Oligodendrocytes",FALSE
"ENSG00000003987",16.3761921113831,-2.68433821216294,0.886904726239937,-3.02663649515465,0.00247291144069561,0.0701355408083425,"MTMR7","Oligodendrocytes",FALSE
"ENSG00000115468",27.9139710157571,-2.28166409448104,0.753503330254556,-3.02807433340769,0.00246117539423144,0.0701355408083425,"EFHD1","Oligodendrocytes",FALSE
"ENSG00000119681",7.98849577341436,2.34259122155911,0.77417042237157,3.02593738260226,0.00247863627864766,0.0701355408083425,"LTBP2","Microglia",TRUE
"ENSG00000163590",117.005015965026,0.704322119495835,0.232670810390884,3.02711852128156,0.00246897131226538,0.0701355408083425,"PPM1L","Excitatory",FALSE
"ENSG00000170340",18.2539206928252,0.945139636873,0.312362362665997,3.02577951071404,0.00247993072471487,0.0701355408083425,"B3GNT2","Oligodendrocytes",FALSE
"ENSG00000164171",23.4576514199792,-4.02331030283888,1.33090104050852,-3.02299733818048,0.00250284444779712,0.0706455898715444,"ITGA2","Oligodendrocytes",FALSE
"ENSG00000155254",7.93770656167622,1.35204942639754,0.447664991585027,3.02022595425746,0.00252586171919635,0.0711565713890333,"MARVELD1","Excitatory",FALSE
"ENSG00000112319",8.24955799815689,-2.29999086052832,0.761786134376174,-3.01920809101071,0.00253436391450961,0.071257455305047,"EYA4","Oligodendrocytes",FALSE
"ENSG00000153406",16.4866714133629,-1.14273033704057,0.378603368205869,-3.01827831710994,0.0025421531686747,0.0713379416325768,"NMRAL1","Oligodendrocytes",FALSE
"ENSG00000083544",117.644188728933,-0.491642254964338,0.163024055184942,-3.01576509311215,0.00256331760972277,0.0717927253168003,"TDRD3","Oligodendrocytes",FALSE
"ENSG00000170271",20.8610813437401,-1.9702782319475,0.653508804182684,-3.01492224639827,0.00257045141841985,0.0718535454415434,"FAXDC2","Oligodendrocytes",FALSE
"ENSG00000162670",14.2231808200795,-2.74980787583614,0.913535376432959,-3.01007267673989,0.00261185185110842,0.07287016339894,"BRINP3","Excitatory",FALSE
"ENSG00000155754",7.57976689501151,-2.49480697382084,0.829246363510603,-3.00852326112002,0.00262520704600061,0.0731019192809401,"CATSPERT","Oligodendrocytes",FALSE
"ENSG00000179403",9.9309028511772,-3.24652740508192,1.08131269072774,-3.0023946199105,0.00267864695567962,0.0744468482115948,"VWA1","Oligodendrocytes",FALSE
"ENSG00000148468",28.6362133158898,-2.46909839602517,0.823326811410044,-2.99892869005024,0.00270930710376297,0.0751547257902065,"FAM171A1","Oligodendrocytes",FALSE
"ENSG00000066855",57.4378352305654,0.764961217158883,0.255287879673011,2.99646508145507,0.00273129516907252,0.0753797586570466,"MTFR1","Oligodendrocytes",FALSE
"ENSG00000131242",17.909212726697,-2.12344442543312,0.708695784452138,-2.99627071589634,0.0027330368297617,0.0753797586570466,"RAB11FIP4","Oligodendrocytes",FALSE
"ENSG00000156711",2.89495115527753,2.82224832523954,0.941705785363151,2.99695336813843,0.00272692422798878,0.0753797586570466,"MAPK13","Excitatory",FALSE
"ENSG00000085514",141.227160204618,0.624622541156004,0.208531450025547,2.9953397488939,0.00274139306732565,0.0754664859598391,"PILRA","Oligodendrocytes",FALSE
"ENSG00000261210",22.9033763037582,1.75319889131293,0.585557489827078,2.99406791266673,0.00275284662792167,0.0756379870442234,"CLEC19A","Microglia",TRUE
"ENSG00000124635",20.6760709378942,-1.65812439165551,0.554103981727859,-2.99244265757663,0.00276754653221944,0.0758978670199575,"H2BC11","Oligodendrocytes",FALSE
"ENSG00000136848",46.6921436861785,1.21800150026439,0.407481836029989,2.98909397319675,0.00279806059421825,0.0764451271778874,"DAB2IP","Endothelial cells",FALSE
"ENSG00000285253",86.066079188932,-0.547100752205979,0.183003941907311,-2.98955720026554,0.00279382131885479,0.0764451271778874,NA,"Oligodendrocytes",FALSE
"ENSG00000124406",142.961331326374,-1.60865465180391,0.538398818248408,-2.98784952210223,0.00280947843701712,0.0766125193371146,"ATP8A1","Oligodendrocytes",FALSE
"ENSG00000250320",3.44153354909086,-3.37439066982122,1.13003075432065,-2.98610516299606,0.0028255545631414,0.0769060715682096,"EDIL3-DT","Oligodendrocytes",FALSE
"ENSG00000168439",61.5304650848775,1.15547019234373,0.387216038144345,2.98404528356081,0.00284464668410799,0.0772439834324396,"STIP1","Oligodendrocytes",FALSE
"ENSG00000170500",5.88761668719015,-1.93536323804979,0.648663607788222,-2.98361618381657,0.00284863861553334,0.0772439834324396,"LONRF2","Excitatory",FALSE
"ENSG00000185985",3.8683441093011,-2.77505989907523,0.930547605902512,-2.98217939788667,0.00286204235343814,0.0774623799584753,"SLITRK2","Oligodendrocytes",FALSE
"ENSG00000139428",10.5932990360793,-1.29898650808802,0.436316371786222,-2.97716655180767,0.0029092591878457,0.0783410225034537,"MMAB","Oligodendrocytes",FALSE
"ENSG00000154153",27.139962850589,-2.30356678799769,0.773785144739733,-2.97701087137374,0.00291073688583274,0.0783410225034537,"RETREG1","Oligodendrocytes",FALSE
"ENSG00000168481",8.78903940384568,-2.96775537892075,0.996559578555952,-2.97800095727455,0.00290135078517496,0.0783410225034537,"LGI3","Oligodendrocytes",FALSE
"ENSG00000041982",6.99516017169036,-1.96072049011656,0.659095246432813,-2.97486668387985,0.00293115904034565,0.0787443096552969,"TNC","Astrocytes",FALSE
"ENSG00000112320",30.6562029372657,-2.40310743400712,0.808197841585838,-2.97341481300143,0.00294506143364858,0.0788253041760286,"SOBP","Oligodendrocytes",FALSE
"ENSG00000160469",8.37907852974647,-2.59150947806198,0.871530608076173,-2.97351516291838,0.00294409860047566,0.0788253041760286,"BRSK1","Oligodendrocytes",FALSE
"ENSG00000105426",22.3794659737662,-1.92298960737212,0.64698213457261,-2.97224529799796,0.00295630385494949,0.0788580143423769,"PTPRS","Oligodendrocytes",FALSE
"ENSG00000135678",302.670690788996,0.916904376165605,0.308498191121313,2.97215478908609,0.00295717553783913,0.0788580143423769,"CPM","Oligodendrocytes",FALSE
"ENSG00000185608",8.03082694450184,-1.28675484690498,0.433384768888188,-2.96908183969187,0.00298691034254243,0.079504525294144,"MRPL40","Oligodendrocytes",FALSE
"ENSG00000167106",17.8934119325231,-1.81647800472081,0.612891688255336,-2.96378306237374,0.00303882433754237,0.0807379383625935,"EEIG1","Oligodendrocytes",FALSE
"ENSG00000235450",14.7148073646608,-1.39782346802248,0.471856345186308,-2.96239201248964,0.00305258865360543,0.0809550983593529,NA,"Oligodendrocytes",FALSE
"ENSG00000283486",9.38463047974761,-2.68490014947066,0.907030278843203,-2.96009980272643,0.00307539396076196,0.0814107944274829,NA,"Oligodendrocytes",FALSE
"ENSG00000165323",7.92291825358274,-2.113932341455,0.714795478420042,-2.95739467480622,0.003102507220044,0.0817787671450649,"FAT3","Excitatory",FALSE
"ENSG00000196586",94.3558100094108,-1.12003513971937,0.378629206998154,-2.95813191116244,0.00309509644138944,0.0817787671450649,"MYO6","Oligodendrocytes",FALSE
"ENSG00000245532",4886.42063285656,0.618060449151766,0.209014338097784,2.95702416770383,0.00310623770233327,0.0817787671450649,"NEAT1","Oligodendrocytes",FALSE
"ENSG00000151552",88.9597385718505,-1.74157390672712,0.590077737750327,-2.95143130355481,0.00316304897491024,0.0831233197036303,"QDPR","Oligodendrocytes",FALSE
"ENSG00000079435",16.1635515273669,-1.93530245413657,0.656098422242384,-2.94971362302957,0.00318068600707837,0.0834353865624906,"LIPE","Oligodendrocytes",FALSE
"ENSG00000186409",52.0066335984381,0.823614204025901,0.279276994180056,2.94909434428709,0.00318706667207426,0.0834515830228486,"CCDC30","Excitatory",FALSE
"ENSG00000080822",75.9354554703238,-1.48760218078557,0.504810190586252,-2.94685449804009,0.00321024218314344,0.0839066909962401,"CLDND1","Oligodendrocytes",FALSE
"ENSG00000122863",9.91447587588239,-3.00573874739378,1.02100795000695,-2.94389357827559,0.00324111427405547,0.0841162352772207,"CHST3","Oligodendrocytes",FALSE
"ENSG00000137502",32.4354034279468,-1.98639471040147,0.674668828288071,-2.94425150105395,0.00323736806507868,0.0841162352772207,"RAB30","Oligodendrocytes",FALSE
"ENSG00000179104",228.831122064526,-1.86849747478776,0.634710647167304,-2.94385714675941,0.00324149580695367,0.0841162352772207,"TMTC2","Oligodendrocytes",FALSE
"ENSG00000189067",117.192108741685,0.649980075905669,0.220706209411509,2.94500131028834,0.00322953295196569,0.0841162352772207,"LITAF","Oligodendrocytes",FALSE
"ENSG00000196569",26.5411707585542,-1.54568346232511,0.525279294945382,-2.94259354442255,0.00325475436664067,0.0843092007673648,"LAMA2","Oligodendrocytes",FALSE
"ENSG00000149218",21.9267640464874,-1.33142411528101,0.453297106147987,-2.93719968034903,0.00331190778318578,0.0856364726795181,"ENDOD1","Oligodendrocytes",FALSE
"ENSG00000157680",14.7896839615055,-2.07536005803571,0.707137737986242,-2.93487385349541,0.00333683313192606,0.08597392126386,"DGKI","Excitatory",FALSE
"ENSG00000236700",3.85779498950177,-3.22135676661944,1.09752133991232,-2.9351199375101,0.00333418784833061,0.08597392126386,"LINC01010","Oligodendrocytes",FALSE
"ENSG00000112394",22.0215591817257,3.93071439598771,1.3404051350579,2.93248234670327,0.00336264038981109,0.0861791759634358,"SLC16A10","Excitatory",FALSE
"ENSG00000153832",8.85029921484104,-1.2477013547656,0.42563564003663,-2.93138364695734,0.00337455751182791,0.0861791759634358,"FBXO36","Oligodendrocytes",FALSE
"ENSG00000154975",11.7670925627303,-2.6849200636039,0.915908214990044,-2.93142917561132,0.00337406291940346,0.0861791759634358,"CA10","OPCs",FALSE
"ENSG00000164403",7.08488973018585,-2.85701358549893,0.974510192983476,-2.93174315268283,0.00337065388214606,0.0861791759634358,"SHROOM1","Oligodendrocytes",FALSE
"ENSG00000185046",101.178468915341,-2.58409762874363,0.881519834827288,-2.93141178071157,0.00337425187800686,0.0861791759634358,"ANKS1B","Oligodendrocytes",FALSE
"ENSG00000164124",176.691356362803,-1.44928603904246,0.494704497143166,-2.92959948294757,0.00339399151922943,0.0863360447217641,"TMEM144","Oligodendrocytes",FALSE
"ENSG00000204128",3.96356549287245,-3.24307111080738,1.1069572516929,-2.92971666778249,0.00339271196353196,0.0863360447217641,"C2orf72","Astrocytes",FALSE
"ENSG00000215915",2.62743813715118,-2.72222058456339,0.929345958585647,-2.92917891277677,0.0033985873958153,0.0863360447217641,"ATAD3C","Oligodendrocytes",FALSE
"ENSG00000235448",12.7507002617552,-4.49397009542516,1.53501656908058,-2.92763621314974,0.00341549414895911,0.0866135819210647,"LURAP1L-AS1","Oligodendrocytes",FALSE
"ENSG00000219438",11.1638133685005,-1.85616757327419,0.634681416110954,-2.92456581547315,0.00344937128769555,0.0873197486815238,"TAFA5","Oligodendrocytes",FALSE
"ENSG00000177182",11.3331842846751,-1.74142461266288,0.595718597803168,-2.92323358559684,0.00346416532022899,0.0875412108846698,"CLVS1","Excitatory",FALSE
"ENSG00000249494",10.9620356009615,-1.14838455585522,0.392964953354308,-2.92235871431467,0.00347391190545321,0.0876345721096908,NA,"Oligodendrocytes",FALSE
"ENSG00000132600",45.1245950988686,-0.695372417857198,0.238179991146525,-2.91952491269267,0.00350565372522337,0.0882815059847555,"PRMT7","Oligodendrocytes",FALSE
"ENSG00000111144",46.2178815507924,0.791606645767449,0.272213091453432,2.90804032069439,0.00363701440636644,0.0910108710565141,"LTA4H","Oligodendrocytes",FALSE
"ENSG00000146592",92.8950607509048,-2.07981791389554,0.715122996353206,-2.90833594291002,0.00363357770567388,0.0910108710565141,"CREB5","Oligodendrocytes",FALSE
"ENSG00000177697",11.529728632783,1.51868370314806,0.522209047872439,2.90819109576024,0.00363526122990342,0.0910108710565141,"CD151","Pericytes",FALSE
"ENSG00000181350",11.166781544652,1.05825394098413,0.363929485597196,2.90785435878483,0.0036391777860305,0.0910108710565141,"LRRC75A","Oligodendrocytes",FALSE
"ENSG00000169918",92.161169280322,-1.82456321775401,0.628005855737846,-2.90532835177202,0.00366868011042983,0.0915904965500414,"OTUD7A","Oligodendrocytes",FALSE
"ENSG00000058091",48.4589483760235,1.03828448253375,0.357716135587556,2.90253745704915,0.00370152891703274,0.0919367726868636,"CDK14","Excitatory",FALSE
"ENSG00000139438",11.0382191908732,-2.92708863028062,1.00846055059762,-2.90253161469333,0.00370159796108021,0.0919367726868636,"FAM222A","Oligodendrocytes",FALSE
"ENSG00000264808",2.70301551597425,-2.5266927794088,0.870331877262542,-2.90313711978012,0.00369444842090886,0.0919367726868636,NA,"Oligodendrocytes",FALSE
"ENSG00000028116",146.707745408622,-0.615797659554511,0.212220406373902,-2.901689192271,0.00371156584231664,0.0920264955423715,"VRK2","Oligodendrocytes",FALSE
"ENSG00000130714",16.8144844102262,-1.05719212258037,0.364873509756328,-2.89742087137646,0.00376244637431076,0.0929837293168108,"POMT1","Oligodendrocytes",FALSE
"ENSG00000187416",39.9525909587679,-2.38349597952051,0.822640244818143,-2.89737341995397,0.00376301556489303,0.0929837293168108,"LHFPL3","OPCs",FALSE
"ENSG00000138650",5.72103151486929,-2.47419794340719,0.854508025626677,-2.89546483965749,0.00378597439979579,0.0932328389609576,"PCDH10","Oligodendrocytes",FALSE
"ENSG00000253766",3.49534838533408,-2.32707754406401,0.803683458538202,-2.89551504307015,0.00378536886263548,0.0932328389609576,NA,"Oligodendrocytes",FALSE
"ENSG00000142303",80.7135277724967,0.76658615744195,0.264854335440136,2.8943689223287,0.0037992149509487,0.0932417499826053,"ADAMTS10","Excitatory",FALSE
"ENSG00000145794",36.2881858855053,-3.10705668073196,1.07333492308412,-2.89476901748817,0.00379437624967282,0.0932417499826053,"MEGF10","Oligodendrocytes",FALSE
"ENSG00000033122",22.9150709876923,-1.77973569766774,0.615041415587543,-2.89368431549862,0.00380750750872151,0.0932871552052241,"LRRC7","Excitatory",FALSE
"ENSG00000111783",10.7555618924008,-2.11982085775736,0.733289988425081,-2.89083567376965,0.00384218964579547,0.0938800567066847,"RFX4","Astrocytes",FALSE
"ENSG00000150275",31.5921707635097,-2.38642369379847,0.825571445679438,-2.89063255068671,0.00384467359302928,0.0938800567066847,"PCDH15","Excitatory",FALSE
"ENSG00000163075",2.25544296890626,-2.92144037262874,1.01114316874297,-2.88924502774478,0.00386168036327616,0.0941365852865973,"CFAP221","Excitatory",FALSE
"ENSG00000086730",219.485551308319,0.499632621768757,0.173054739584167,2.88713630709753,0.00388765768864134,0.0946105602210531,"LAT2","Microglia",TRUE
"ENSG00000044524",5.07140586055985,-2.90739476526053,1.0074642574066,-2.88585400810615,0.00390353183602374,0.0948374848752077,"EPHA3","Inhibitory",FALSE
"ENSG00000115738",75.6177225695927,-0.733145421873147,0.254235034848675,-2.88373088433515,0.00392994440656625,0.09515985787137,"ID2","Astrocytes",FALSE
"ENSG00000140873",9.63353986078536,-2.95659292150609,1.0251373061254,-2.88409455381232,0.00392540871381986,0.09515985787137,"ADAMTS18","Oligodendrocytes",FALSE
"ENSG00000106991",88.9776835536967,0.467806009386877,0.162281889124019,2.88267539841966,0.00394313541387393,0.0953198677677704,"ENG","Endothelial cells",FALSE
"ENSG00000196517",6.80703557283748,-2.39070203844581,0.829899534495236,-2.88071259119321,0.00396777269197585,0.0957555809663505,"SLC6A9","Oligodendrocytes",FALSE
"ENSG00000162729",14.9545184153938,-1.99784715887072,0.694056744275964,-2.87850694535771,0.00399562482512424,0.0962673002791996,"IGSF8","Oligodendrocytes",FALSE
"ENSG00000165633",3.64633179773287,-3.14717085744882,1.09374807321647,-2.87741842433029,0.00400943560720787,0.0964395807182225,"VSTM4","Oligodendrocytes",FALSE
"ENSG00000125462",17.3127268221626,-2.26936053179565,0.789120962138044,-2.87580819757601,0.00402994509610637,0.0964522396555706,"MIR9-1HG","Astrocytes",FALSE
"ENSG00000167552",93.59202344202,-1.27792723455053,0.444227909385955,-2.87673783557854,0.00401809268942915,0.0964522396555706,"TUBA1A","Oligodendrocytes",FALSE
"ENSG00000237166",5.12785949543767,-3.86602230830174,1.34410642216397,-2.87627694098622,0.00402396489735904,0.0964522396555706,NA,"Oligodendrocytes",FALSE
"ENSG00000173846",50.3922336751438,-0.636149985686561,0.221281220263707,-2.87484850692907,0.0040422139438927,0.0965862341709014,"PLK3","Microglia",TRUE
"ENSG00000067715",26.695316880705,-1.82537424534281,0.63507663537486,-2.87425822911177,0.00404977698613959,0.0966075300812212,"SYT1","Excitatory",FALSE
"ENSG00000104219",94.19098298783,0.614078267314509,0.213783218541053,2.87243438238623,0.00407322658272896,0.0970071067728871,"ZDHHC2","Oligodendrocytes",FALSE
"ENSG00000144283",114.554670552599,-1.46167208156633,0.509005040130846,-2.87162594930413,0.00408366014879841,0.097095893193105,"PKP4","Oligodendrocytes",FALSE
"ENSG00000102172",79.364400081722,0.587077399822994,0.204759461152116,2.86715640156356,0.00414178273383335,0.0980785870599641,"SMS","Excitatory",FALSE
"ENSG00000110848",46.0357247324584,-1.12836979252761,0.393587123557556,-2.86688696095669,0.00414531044756202,0.0980785870599641,"CD69","Microglia",TRUE
"ENSG00000258677",6.29893497854681,2.00349984188412,0.698713058981315,2.86741433572906,0.0041384082230707,0.0980785870599641,NA,"Excitatory",FALSE
"ENSG00000234527",1.69752688246664,-3.03180750261223,1.05772172645666,-2.8663564591499,0.00415226413497287,0.0980828461246446,"PCDH9-AS1","Oligodendrocytes",FALSE
"ENSG00000166147",24.5873166630159,-2.0693072173669,0.722612898687273,-2.86364555784444,0.00418796346453526,0.0987650015740564,"FBN1","Oligodendrocytes",FALSE
"ENSG00000124813",518.334079343592,0.575618232661643,0.201154947029543,2.86156637538277,0.00421553223235868,0.0992309852175044,"RUNX2","Microglia",TRUE
"ENSG00000283930",12.559232268345,-1.10097155881151,0.384803956651428,-2.86112328051975,0.00422142865289936,0.0992309852175044,NA,"Oligodendrocytes",FALSE
"ENSG00000227036",14.4923835014295,-2.24201296498462,0.783825191300589,-2.86034818715699,0.00423176108657031,0.0993126426799646,"LINC00511","OPCs",FALSE
"ENSG00000206077",8.37304502770667,-2.64345944416509,0.924599222832714,-2.85903273427623,0.00424934932980254,0.099403195954024,"ZDHHC11B","Oligodendrocytes",FALSE
"ENSG00000234377",12.1599981346331,-1.58219867569282,0.553394874070577,-2.8590772156141,0.00424875351136856,0.099403195954024,"OBI1-AS1","Astrocytes",FALSE
"ENSG00000146122",46.3888885440381,-2.25479262143498,0.789206011152999,-2.8570393402615,0.0042761283523172,0.0997074694711,"DAAM2","Oligodendrocytes",FALSE
"ENSG00000185483",5.06057718275122,-2.72946956799655,0.955262753783756,-2.85729717523816,0.00427265603149384,0.0997074694711,"ROR1","Oligodendrocytes",FALSE
